practical_salinity,nitrate_concentration,time,seawater_temperature,salinity_corrected_nitrate,depth
1,\u00b5Mol L-1,UTC,\u00baC,\u00b5mol L-1,m
32.66194,3.04,2020-08-16T21:50:21Z,11.232067,2.6815462,8.372651
32.650524,2.91,2020-08-16T21:50:22Z,11.230592,2.8081765,8.619873
32.656357,2.62,2020-08-16T21:51:02Z,11.297794,2.1999426,7.1585946
32.657486,2.87,2020-08-16T21:51:03Z,11.290022,2.2873795,7.3711147
32.669388,1.72,2020-08-16T21:51:41Z,11.365287,1.442059,5.928868
33.99608,31.74,2020-08-17T07:21:08Z,7.2363114,32.54183,193.71027
33.99644,31.29,2020-08-17T07:21:09Z,7.235486,32.51932,193.71269
33.998997,32.0,2020-08-17T07:21:48Z,7.2289224,32.429043,193.71362
33.998436,31.22,2020-08-17T07:21:49Z,7.2293773,32.354126,193.71416
33.995556,31.39,2020-08-17T07:22:28Z,7.2371736,32.466095,192.46931
33.99488,32.21,2020-08-17T07:23:07Z,7.243912,32.48377,190.54077
33.99515,32.05,2020-08-17T07:23:08Z,7.243903,32.337055,190.4859
33.994236,31.61,2020-08-17T07:23:48Z,7.250319,32.40108,188.5279
33.995213,32.57,2020-08-17T07:23:49Z,7.2506084,32.503944,188.47014
33.991257,31.59,2020-08-17T07:24:27Z,7.2596087,32.483124,186.6002
33.991196,32.0,2020-08-17T07:24:28Z,7.2597656,32.610287,186.54913
33.9909,31.6,2020-08-17T07:25:07Z,7.2602887,32.409866,184.61452
33.990936,32.03,2020-08-17T07:25:08Z,7.260481,32.452744,184.56392
33.988613,31.72,2020-08-17T07:25:47Z,7.265204,32.5488,182.6475
33.988842,31.62,2020-08-17T07:25:49Z,7.2650723,32.520557,182.5947
33.988953,31.88,2020-08-17T07:26:28Z,7.2677135,32.50456,180.67671
33.988358,32.65,2020-08-17T07:26:29Z,7.2683964,32.62281,180.6275
33.988884,32.09,2020-08-17T07:27:07Z,7.2675295,32.52879,178.75204
33.989674,32.35,2020-08-17T07:27:08Z,7.26693,32.53635,178.70258
33.987778,32.84,2020-08-17T07:27:48Z,7.2745004,32.364105,176.76071
33.98757,31.83,2020-08-17T07:27:49Z,7.274949,32.508335,176.70782
33.989704,31.21,2020-08-17T07:28:27Z,7.2823777,32.18196,174.81953
33.990334,32.11,2020-08-17T07:28:28Z,7.286948,32.32504,174.76945
33.98751,31.48,2020-08-17T07:29:07Z,7.2921357,32.32273,172.84853
33.98757,31.38,2020-08-17T07:29:08Z,7.293245,32.281475,172.78793
33.983215,32.1,2020-08-17T07:29:47Z,7.3116536,32.19433,170.8623
33.983116,31.89,2020-08-17T07:29:49Z,7.310545,32.349216,170.81172
33.98781,31.62,2020-08-17T07:30:27Z,7.3197074,32.13434,168.91017
33.984062,32.07,2020-08-17T07:30:28Z,7.3232713,32.272438,168.85158
33.98654,31.59,2020-08-17T07:31:08Z,7.3332314,32.14707,167.00385
33.984955,31.44,2020-08-17T07:31:09Z,7.335121,32.183765,166.95456
33.98498,31.68,2020-08-17T07:31:47Z,7.339582,32.110382,165.13257
33.984985,31.64,2020-08-17T07:31:48Z,7.3399925,32.121845,165.081
33.982563,32.03,2020-08-17T07:32:28Z,7.354255,32.132282,163.21432
33.9819,31.33,2020-08-17T07:32:29Z,7.3547354,32.07205,163.1634
33.981823,31.56,2020-08-17T07:33:07Z,7.364514,32.03303,161.33963
33.986034,31.28,2020-08-17T07:33:08Z,7.3640947,31.874664,161.29247
33.985825,30.95,2020-08-17T07:33:48Z,7.371143,31.539799,159.42796
33.991302,31.3,2020-08-17T07:33:49Z,7.373747,31.5911,159.37341
33.96653,30.34,2020-08-17T07:34:28Z,7.4446664,31.322163,157.505
33.96801,30.55,2020-08-17T07:34:29Z,7.4350214,31.419548,157.45868
33.975647,30.76,2020-08-17T07:35:08Z,7.438169,31.284601,155.61067
33.97629,30.79,2020-08-17T07:35:09Z,7.438871,31.350924,155.55663
33.976048,30.92,2020-08-17T07:35:49Z,7.4545093,31.309065,153.70222
33.975243,31.05,2020-08-17T07:35:50Z,7.4529405,31.279676,153.65282
33.974964,31.35,2020-08-17T07:36:28Z,7.467991,31.208612,151.80244
33.97571,30.17,2020-08-17T07:36:29Z,7.467362,31.161694,151.75443
33.97178,30.89,2020-08-17T07:37:09Z,7.4896502,31.206165,149.90869
33.97248,30.15,2020-08-17T07:37:10Z,7.4881635,31.199873,149.84944
33.97328,30.8,2020-08-17T07:37:48Z,7.4956822,31.210007,147.99854
33.975388,31.07,2020-08-17T07:37:49Z,7.496881,31.215626,147.94545
33.97128,30.56,2020-08-17T07:38:28Z,7.5261793,31.114546,146.12692
33.953793,30.54,2020-08-17T07:39:07Z,7.5381417,31.22648,144.27213
33.964443,30.73,2020-08-17T07:39:08Z,7.529318,31.20348,144.2203
33.96015,30.1,2020-08-17T07:39:48Z,7.5493364,31.154726,142.36514
33.961613,30.84,2020-08-17T07:39:49Z,7.546406,31.260176,142.31964
33.962395,30.57,2020-08-17T07:40:27Z,7.536251,31.296543,140.48335
33.96687,30.33,2020-08-17T07:40:28Z,7.533975,31.339283,140.4306
33.959377,30.49,2020-08-17T07:41:08Z,7.5504785,31.268438,138.57585
33.959747,30.91,2020-08-17T07:41:09Z,7.5490947,31.251211,138.51863
33.964695,30.92,2020-08-17T07:41:47Z,7.547338,31.319633,136.68088
33.96417,30.67,2020-08-17T07:41:48Z,7.548713,31.340223,136.63084
33.961655,31.11,2020-08-17T07:42:27Z,7.552689,31.223383,134.78854
33.96179,30.65,2020-08-17T07:42:28Z,7.5523067,31.329353,134.73817
33.960976,31.24,2020-08-17T07:43:07Z,7.5546865,31.31993,132.88705
33.960766,30.74,2020-08-17T07:43:08Z,7.5548396,31.411154,132.83162
33.95989,30.96,2020-08-17T07:43:47Z,7.5594454,31.333126,130.9807
33.96101,31.11,2020-08-17T07:43:49Z,7.5594225,31.282396,130.93127
33.958782,31.4,2020-08-17T07:44:27Z,7.560931,31.354652,129.115
33.95858,30.95,2020-08-17T07:45:06Z,7.5691566,31.334753,127.29536
33.959312,30.11,2020-08-17T07:45:07Z,7.5686707,31.314163,127.255585
33.956882,31.18,2020-08-17T07:45:47Z,7.5841913,31.241148,125.452675
33.95683,31.09,2020-08-17T07:45:48Z,7.5849757,31.357481,125.408195
33.955025,30.79,2020-08-17T07:46:26Z,7.5944653,31.276127,123.67438
33.955116,31.2,2020-08-17T07:46:27Z,7.5950165,31.147024,123.625374
33.95403,30.51,2020-08-17T07:47:07Z,7.6027865,31.326221,121.80598
33.954655,30.46,2020-08-17T07:47:08Z,7.6038246,31.178144,121.76516
33.95526,30.53,2020-08-17T07:47:47Z,7.6034827,31.304996,119.98007
33.955864,30.63,2020-08-17T07:47:48Z,7.605153,31.182053,119.9178
33.95267,31.49,2020-08-17T07:48:28Z,7.60915,31.184954,118.15311
33.953457,30.21,2020-08-17T07:48:29Z,7.609005,31.268194,118.09527
33.95046,30.46,2020-08-17T07:49:08Z,7.6295815,31.12785,116.287476
33.951088,31.12,2020-08-17T07:49:09Z,7.6299415,31.240582,116.24386
33.945156,30.34,2020-08-17T07:49:47Z,7.6621246,31.021273,114.502815
33.94514,30.21,2020-08-17T07:49:48Z,7.6613407,31.066784,114.46304
33.942505,30.23,2020-08-17T07:50:27Z,7.687517,30.881258,112.68959
33.943172,30.24,2020-08-17T07:50:28Z,7.6864414,30.862661,112.648865
33.938843,30.07,2020-08-17T07:51:07Z,7.710041,30.741745,110.87336
33.93725,29.88,2020-08-17T07:51:46Z,7.719704,30.73718,109.06812
33.93697,29.64,2020-08-17T07:51:48Z,7.7200966,30.814926,109.01477
33.93682,30.22,2020-08-17T07:52:26Z,7.725311,30.687437,107.27759
33.930405,29.43,2020-08-17T07:53:05Z,7.7453036,30.619358,105.47548
33.935444,29.88,2020-08-17T07:53:06Z,7.7425556,30.609562,105.425964
33.910023,29.79,2020-08-17T07:53:45Z,7.9241734,30.317781,103.64344
33.90757,29.67,2020-08-17T07:53:46Z,7.9284415,30.265842,103.605576
33.891624,29.96,2020-08-17T07:54:26Z,8.014822,30.149551,101.8334
33.892376,29.97,2020-08-17T07:54:27Z,8.0130005,30.323566,101.783585
33.889675,29.23,2020-08-17T07:55:05Z,8.041658,29.473087,100.00145
33.88219,29.11,2020-08-17T07:55:44Z,8.060629,29.437843,98.23873
33.881313,29.63,2020-08-17T07:55:46Z,8.060353,29.381306,98.19646
33.879013,28.87,2020-08-17T07:56:24Z,8.076438,29.31636,96.43029
33.87334,28.45,2020-08-17T07:57:03Z,8.09975,29.169163,94.65055
33.87332,29.42,2020-08-17T07:57:04Z,8.100008,29.197231,94.61524
33.85778,28.78,2020-08-17T07:57:44Z,8.127292,28.830458,92.78403
33.857304,28.51,2020-08-17T07:57:45Z,8.127629,28.730358,92.73089
33.84791,27.92,2020-08-17T07:58:23Z,8.140095,28.463871,90.997246
33.84328,27.64,2020-08-17T07:59:02Z,8.147971,28.315836,89.22264
33.842625,28.09,2020-08-17T07:59:04Z,8.147951,28.529692,89.17318
33.842136,28.46,2020-08-17T07:59:43Z,8.155232,28.460526,87.49011
33.84191,27.5,2020-08-17T07:59:44Z,8.155396,28.442373,87.42771
33.83311,27.36,2020-08-17T08:00:22Z,8.164524,28.414892,85.67627
33.83227,28.11,2020-08-17T08:00:23Z,8.164885,28.468239,85.62684
33.800495,26.96,2020-08-17T08:01:02Z,8.19056,28.397188,83.96685
33.79996,27.81,2020-08-17T08:01:03Z,8.1909485,28.43025,83.91994
33.74962,27.62,2020-08-17T08:01:43Z,8.177863,28.482286,82.19156
33.748444,28.16,2020-08-17T08:01:44Z,8.177006,28.357946,82.128914
33.734493,26.18,2020-08-17T08:02:22Z,8.163973,26.69553,80.46717
33.733677,26.91,2020-08-17T08:02:23Z,8.163306,26.689898,80.424805
33.72237,25.71,2020-08-17T08:03:02Z,8.153023,26.262362,78.63473
33.722126,25.38,2020-08-17T08:03:04Z,8.152941,26.499846,78.60548
33.700245,25.42,2020-08-17T08:03:43Z,8.145978,26.145926,76.913536
33.699,26.47,2020-08-17T08:03:44Z,8.1448555,26.223473,76.85818
33.68081,25.64,2020-08-17T08:04:22Z,8.125886,25.901535,75.19421
33.685017,25.71,2020-08-17T08:04:24Z,8.124826,25.890076,75.15951
33.67033,25.03,2020-08-17T08:05:02Z,8.114006,25.789703,73.523926
33.65888,25.06,2020-08-17T08:05:42Z,8.1134615,25.33732,71.76361
33.658745,25.03,2020-08-17T08:05:43Z,8.113365,25.517143,71.70495
33.639263,24.63,2020-08-17T08:06:21Z,8.111179,25.19415,69.9764
33.63923,25.55,2020-08-17T08:06:22Z,8.11059,25.301767,69.933
33.62185,24.93,2020-08-17T08:07:02Z,8.10242,25.078653,68.248405
33.62187,24.29,2020-08-17T08:07:03Z,8.102348,25.150095,68.187225
33.62136,24.52,2020-08-17T08:07:41Z,8.100194,24.873339,66.47546
33.621403,24.62,2020-08-17T08:07:42Z,8.100194,24.949753,66.44648
33.602184,24.49,2020-08-17T08:08:21Z,8.087967,24.688889,64.71822
33.597622,24.83,2020-08-17T08:08:22Z,8.086943,24.838263,64.65294
33.575123,24.06,2020-08-17T08:09:01Z,8.069069,24.58453,62.954243
33.572685,23.96,2020-08-17T08:09:02Z,8.06904,24.479132,62.93168
33.524918,24.03,2020-08-17T08:09:41Z,8.028624,24.592785,61.204144
33.49161,23.99,2020-08-17T08:10:20Z,7.9991713,24.454338,59.49132
33.49114,23.93,2020-08-17T08:10:21Z,7.999703,24.465345,59.4651
33.469322,23.97,2020-08-17T08:11:01Z,7.9848313,23.68395,57.751637
33.46057,23.77,2020-08-17T08:11:02Z,7.983887,23.77209,57.710682
33.359463,23.34,2020-08-17T08:11:40Z,7.90659,23.649067,56.040527
33.300552,23.05,2020-08-17T08:12:20Z,7.8875146,23.418196,54.28911
33.30089,23.8,2020-08-17T08:12:21Z,7.886923,23.630745,54.26387
33.2816,22.72,2020-08-17T08:12:59Z,7.875141,23.250597,52.534557
33.284317,23.17,2020-08-17T08:13:00Z,7.8730917,23.287298,52.507397
33.227013,22.71,2020-08-17T08:13:39Z,7.855761,22.971422,50.928444
33.199745,22.89,2020-08-17T08:13:40Z,7.854945,22.988218,50.871845
33.165142,23.01,2020-08-17T08:14:20Z,7.8563466,22.53601,49.15538
33.163857,22.61,2020-08-17T08:14:21Z,7.856921,22.617424,49.071888
33.160515,21.91,2020-08-17T08:14:59Z,7.859523,22.449009,47.562023
33.15962,22.33,2020-08-17T08:15:00Z,7.859523,22.38451,47.518055
33.118073,22.23,2020-08-17T08:15:39Z,7.8640037,22.077831,45.839546
33.11468,22.47,2020-08-17T08:15:40Z,7.864839,22.047068,45.76976
33.06394,20.96,2020-08-17T08:16:20Z,7.8743796,21.535076,44.123505
33.06238,21.01,2020-08-17T08:16:21Z,7.8758807,21.537855,44.04594
33.03117,21.3,2020-08-17T08:16:59Z,7.8854303,21.351048,42.545113
33.02914,21.66,2020-08-17T08:17:00Z,7.886045,21.540806,42.47237
32.924458,20.8,2020-08-17T08:17:40Z,7.933023,21.270199,40.769634
32.921875,20.81,2020-08-17T08:17:41Z,7.9344964,21.166384,40.692627
32.92504,19.6,2020-08-17T08:18:19Z,7.934731,19.91131,39.08851
32.927086,19.76,2020-08-17T08:18:20Z,7.9343967,19.817104,39.047997
32.881386,19.78,2020-08-17T08:18:59Z,7.958868,19.540546,37.50879
32.882175,20.36,2020-08-17T08:19:00Z,7.9584365,19.605524,37.42859
32.851433,19.67,2020-08-17T08:19:39Z,7.9849544,19.5661,35.688988
32.85061,18.5,2020-08-17T08:19:41Z,7.985928,19.572578,35.61314
32.827087,18.65,2020-08-17T08:20:19Z,8.011444,19.300732,34.008778
32.8303,18.7,2020-08-17T08:20:20Z,8.008277,19.355911,34.05474
32.792107,19.39,2020-08-17T08:21:00Z,8.053413,18.86507,32.34242
32.78356,19.25,2020-08-17T08:21:01Z,8.064949,18.835182,32.254295
32.737053,18.24,2020-08-17T08:21:39Z,8.112191,18.412992,30.786354
32.744644,18.67,2020-08-17T08:21:40Z,8.104541,18.450493,30.780088
32.69119,17.92,2020-08-17T08:22:20Z,8.144517,17.5503,28.970417
32.692703,17.87,2020-08-17T08:22:21Z,8.145205,17.56076,28.956842
32.684353,16.2,2020-08-17T08:22:59Z,8.145658,16.01763,27.446312
32.68777,16.01,2020-08-17T08:23:00Z,8.144968,15.961434,27.403568
32.66666,16.32,2020-08-17T08:23:40Z,8.153133,15.679112,25.687887
32.666336,15.16,2020-08-17T08:23:41Z,8.154864,15.595878,25.576181
32.648167,15.25,2020-08-17T08:24:19Z,8.178853,14.844824,23.982788
32.65103,14.54,2020-08-17T08:24:21Z,8.180686,15.051237,23.945404
32.780064,14.92,2020-08-17T08:25:00Z,8.865289,14.422546,22.185774
32.71032,13.97,2020-08-17T08:25:01Z,8.891708,14.5637,22.14809
32.703518,13.33,2020-08-17T08:25:39Z,9.034716,13.896679,20.598276
32.71563,13.88,2020-08-17T08:25:41Z,9.027786,13.792811,20.616905
32.97097,12.22,2020-08-17T08:26:20Z,9.420579,12.292151,18.693167
32.862514,11.79,2020-08-17T08:26:21Z,9.572371,12.029364,18.599714
32.777504,11.36,2020-08-17T08:27:00Z,9.61429,11.898672,17.323572
32.778015,11.5,2020-08-17T08:27:01Z,9.60388,11.906029,17.312082
32.760773,9.85,2020-08-17T08:27:39Z,10.104851,9.91773,15.637438
32.816586,9.66,2020-08-17T08:27:40Z,10.097236,9.832238,15.596462
32.7781,8.79,2020-08-17T08:28:19Z,10.466511,8.505022,14.1165285
32.770905,8.37,2020-08-17T08:28:20Z,10.483197,8.612855,14.028359
32.747665,8.16,2020-08-17T08:29:00Z,10.652676,8.077248,12.445996
32.742027,8.73,2020-08-17T08:29:01Z,10.676448,8.118732,12.392724
32.68677,5.71,2020-08-17T08:29:40Z,10.711606,5.6610746,10.861439
32.744106,5.81,2020-08-17T08:29:41Z,10.741463,5.6212225,10.580224
32.66345,5.06,2020-08-17T08:30:19Z,10.990689,4.812735,8.98928
32.666767,4.65,2020-08-17T08:30:20Z,10.974497,4.9176207,9.083302
32.681225,4.0,2020-08-17T08:31:00Z,11.113592,4.228557,7.3550024
32.67992,3.83,2020-08-17T08:31:01Z,11.112632,4.336344,7.466098
32.677177,2.41,2020-08-17T08:31:39Z,11.183635,2.8222904,6.114401
32.683807,2.53,2020-08-17T08:31:40Z,11.179743,2.8068848,6.0502143
34.004116,32.13,2020-08-17T20:41:07Z,7.1646166,33.48797,193.38216
34.00414,32.5,2020-08-17T20:41:08Z,7.164429,33.588398,193.38101
34.00469,32.63,2020-08-17T20:41:46Z,7.162063,33.274673,193.37013
34.004616,32.01,2020-08-17T20:41:47Z,7.162151,33.24254,193.37262
34.004307,32.1,2020-08-17T20:42:26Z,7.164209,33.178616,192.23958
34.004448,32.93,2020-08-17T20:43:05Z,7.1713414,32.869373,190.3218
34.004696,32.26,2020-08-17T20:43:06Z,7.171621,33.03945,190.26915
34.002834,32.15,2020-08-17T20:43:45Z,7.180273,32.918865,188.36328
34.002674,32.19,2020-08-17T20:43:46Z,7.180219,32.936295,188.31099
34.001907,32.79,2020-08-17T20:44:26Z,7.1932783,32.770317,186.37358
34.001972,32.38,2020-08-17T20:44:27Z,7.193559,32.858,186.3184
33.99963,32.78,2020-08-17T20:45:05Z,7.2078195,32.689068,184.42511
33.999245,31.99,2020-08-17T20:45:06Z,7.20776,32.81352,184.37256
34.000736,32.4,2020-08-17T20:45:46Z,7.2203455,32.786976,182.41954
34.001266,32.42,2020-08-17T20:45:47Z,7.2205567,32.81044,182.3684
33.9984,32.2,2020-08-17T20:46:25Z,7.241528,32.694496,180.4887
33.99824,32.53,2020-08-17T20:46:26Z,7.2414265,32.86886,180.43898
33.9967,32.08,2020-08-17T20:47:06Z,7.253373,32.576897,178.5173
33.99719,32.35,2020-08-17T20:47:07Z,7.253328,32.653263,178.468
33.99587,33.13,2020-08-17T20:47:45Z,7.2676377,32.639492,176.58058
33.995968,32.4,2020-08-17T20:47:46Z,7.2678185,32.441338,176.53003
33.994595,31.59,2020-08-17T20:48:26Z,7.282552,32.45551,174.5789
33.994305,31.61,2020-08-17T20:48:27Z,7.2834616,32.462223,174.52347
33.992477,31.96,2020-08-17T20:49:06Z,7.302934,32.29995,172.62152
33.993008,32.03,2020-08-17T20:49:07Z,7.303529,32.306038,172.56718
33.991642,31.67,2020-08-17T20:49:45Z,7.322658,32.24334,170.67215
33.99165,32.12,2020-08-17T20:49:46Z,7.3226757,32.321915,170.62148
33.991524,31.63,2020-08-17T20:50:26Z,7.3577642,32.14538,168.6897
33.99279,31.91,2020-08-17T20:50:27Z,7.358294,32.114826,168.63931
33.990158,31.26,2020-08-17T20:51:07Z,7.398189,31.936632,166.74638
33.990036,31.47,2020-08-17T20:51:08Z,7.3982887,32.038162,166.6926
33.9914,31.44,2020-08-17T20:51:46Z,7.4001436,32.20991,164.88934
33.99104,31.73,2020-08-17T20:51:47Z,7.4021277,32.155693,164.83414
33.987484,31.86,2020-08-17T20:52:26Z,7.411538,32.139877,162.98126
33.987526,31.55,2020-08-17T20:52:28Z,7.41145,32.23654,162.9264
33.985962,31.69,2020-08-17T20:53:06Z,7.4339013,32.22253,161.0937
33.98631,31.67,2020-08-17T20:53:07Z,7.4346013,32.124794,161.0453
33.98496,31.65,2020-08-17T20:53:47Z,7.450197,32.17669,159.18246
33.984386,32.04,2020-08-17T20:53:48Z,7.4510436,32.090492,159.13023
33.98312,31.74,2020-08-17T20:54:26Z,7.4618726,31.936644,157.32202
33.982998,32.04,2020-08-17T20:54:27Z,7.4619555,32.079163,157.26767
33.982555,31.16,2020-08-17T20:55:07Z,7.4704213,32.02739,155.38707
33.98258,31.64,2020-08-17T20:55:08Z,7.471062,31.996351,155.33905
33.98008,31.31,2020-08-17T20:55:46Z,7.485924,31.890617,153.51549
33.980026,31.21,2020-08-17T20:55:48Z,7.486057,32.016373,153.4675
33.97917,30.99,2020-08-17T20:56:26Z,7.491335,31.811203,151.64934
33.979008,32.37,2020-08-17T20:56:27Z,7.4915743,31.834238,151.5988
33.977474,31.76,2020-08-17T20:57:06Z,7.499325,31.93166,149.73172
33.97787,30.71,2020-08-17T20:57:08Z,7.499619,31.775286,149.6766
33.976078,31.22,2020-08-17T20:57:46Z,7.5151243,31.740805,147.83287
33.97563,31.13,2020-08-17T20:57:47Z,7.5161757,31.858711,147.78058
33.971447,30.73,2020-08-17T20:58:27Z,7.5389404,31.685873,145.93604
33.97083,30.58,2020-08-17T20:58:28Z,7.5392156,31.700405,145.88588
33.970642,30.02,2020-08-17T20:59:06Z,7.541775,31.54629,144.06958
33.970524,30.98,2020-08-17T20:59:07Z,7.5417037,31.547836,144.0214
33.968807,30.51,2020-08-17T20:59:47Z,7.547934,31.562944,142.15413
33.969284,31.36,2020-08-17T20:59:48Z,7.547628,31.364037,142.09827
33.968666,31.02,2020-08-17T21:00:27Z,7.5488997,31.636179,140.2149
33.96873,31.64,2020-08-17T21:00:29Z,7.548947,31.564041,140.1595
33.96692,31.01,2020-08-17T21:01:07Z,7.555048,31.559372,138.34682
33.965313,30.84,2020-08-17T21:01:47Z,7.554663,31.439537,136.47076
33.9655,30.58,2020-08-17T21:01:48Z,7.5546393,31.42196,136.41219
33.96007,31.06,2020-08-17T21:02:26Z,7.5663548,31.1937,134.57898
33.95996,31.3,2020-08-17T21:02:27Z,7.566367,31.364538,134.53128
33.957523,31.74,2020-08-17T21:03:06Z,7.562278,31.182198,132.69476
33.95731,31.43,2020-08-17T21:03:07Z,7.56232,31.407059,132.64236
33.956734,31.41,2020-08-17T21:03:47Z,7.561864,31.532396,130.797
33.956936,30.82,2020-08-17T21:03:48Z,7.5617304,31.588732,130.74973
33.95652,30.65,2020-08-17T21:04:26Z,7.55941,31.5765,128.94733
33.95643,31.6,2020-08-17T21:04:27Z,7.559465,31.675594,128.8941
33.951775,31.59,2020-08-17T21:05:06Z,7.5614104,32.08304,127.09429
33.952316,31.58,2020-08-17T21:05:07Z,7.561194,32.240887,127.048836
33.949257,31.31,2020-08-17T21:05:47Z,7.570866,31.88705,125.240364
33.950665,32.04,2020-08-17T21:05:48Z,7.5693493,32.004314,125.19245
33.94629,30.93,2020-08-17T21:06:26Z,7.580641,31.601652,123.4118
33.94789,31.2,2020-08-17T21:06:27Z,7.578249,31.359844,123.36912
33.933273,31.39,2020-08-17T21:07:06Z,7.669652,31.394777,121.61551
33.932247,30.39,2020-08-17T21:07:07Z,7.666649,31.434006,121.568184
33.93404,30.62,2020-08-17T21:07:47Z,7.702085,31.18467,119.75125
33.934265,31.38,2020-08-17T21:07:48Z,7.7052283,31.28059,119.7047
33.932083,30.82,2020-08-17T21:08:26Z,7.728394,31.191296,117.947296
33.931667,30.71,2020-08-17T21:08:27Z,7.7287817,31.141373,117.88916
33.921864,30.43,2020-08-17T21:09:07Z,7.764834,30.980494,116.10863
33.922028,31.19,2020-08-17T21:09:08Z,7.7619467,31.089016,116.05979
33.91744,29.42,2020-08-17T21:09:46Z,7.801471,30.752386,114.29857
33.91606,30.02,2020-08-17T21:09:47Z,7.8022532,30.6355,114.24792
33.915264,29.99,2020-08-17T21:10:27Z,7.8170457,30.389452,112.47493
33.913284,29.88,2020-08-17T21:10:28Z,7.8172336,30.331692,112.427025
33.91258,30.1,2020-08-17T21:11:06Z,7.8412566,30.25985,110.70096
33.91313,29.53,2020-08-17T21:11:07Z,7.840844,30.310373,110.659065
33.914207,30.15,2020-08-17T21:11:46Z,7.85292,29.933666,108.8565
33.898598,28.79,2020-08-17T21:12:25Z,7.916295,29.53451,107.08662
33.898266,29.23,2020-08-17T21:12:27Z,7.9175205,29.575237,107.037056
33.899536,28.84,2020-08-17T21:13:05Z,7.918856,29.597345,105.265045
33.89646,28.63,2020-08-17T21:13:06Z,7.921843,29.510048,105.21501
33.89141,28.64,2020-08-17T21:13:46Z,7.9419227,29.407019,103.40575
33.891247,28.47,2020-08-17T21:13:47Z,7.9423943,29.39949,103.35709
33.8907,28.54,2020-08-17T21:14:25Z,7.9437766,29.30138,101.622696
33.890873,29.5,2020-08-17T21:14:26Z,7.9437857,29.371979,101.57256
33.88651,28.95,2020-08-17T21:15:06Z,7.9565825,29.238617,99.767654
33.886223,28.37,2020-08-17T21:15:07Z,7.9573708,29.237638,99.71074
33.87581,28.62,2020-08-17T21:15:46Z,7.981227,29.046837,97.91804
33.87549,28.94,2020-08-17T21:15:47Z,7.9816227,28.983273,97.87247
33.867256,28.31,2020-08-17T21:16:26Z,8.009771,28.591314,96.117424
33.861115,28.06,2020-08-17T21:17:05Z,8.0291395,28.50581,94.31949
33.860874,28.09,2020-08-17T21:17:07Z,8.029755,28.69935,94.27758
33.852467,27.53,2020-08-17T21:17:45Z,8.046008,28.269896,92.51826
33.85231,27.8,2020-08-17T21:17:46Z,8.046018,28.379944,92.465
33.844845,27.92,2020-08-17T21:18:26Z,8.039246,28.345268,90.66748
33.84734,27.73,2020-08-17T21:18:27Z,8.038152,28.45355,90.62353
33.83624,27.44,2020-08-17T21:19:05Z,8.040102,28.11328,88.8839
33.83726,27.62,2020-08-17T21:19:06Z,8.038961,28.097082,88.82455
33.833393,28.14,2020-08-17T21:19:45Z,8.061519,27.919195,87.219604
33.831924,27.81,2020-08-17T21:19:46Z,8.063662,28.028158,87.158554
33.817123,27.41,2020-08-17T21:20:26Z,8.09028,27.750832,85.41395
33.816666,26.9,2020-08-17T21:20:27Z,8.090699,27.68084,85.35992
33.818363,26.9,2020-08-17T21:21:05Z,8.088795,27.634472,83.65245
33.817535,27.01,2020-08-17T21:21:06Z,8.08998,27.65484,83.602646
33.766434,26.7,2020-08-17T21:21:46Z,8.173751,27.44189,81.870445
33.757553,26.38,2020-08-17T21:21:47Z,8.177915,27.306067,81.81191
33.729683,25.96,2020-08-17T21:22:25Z,8.137309,26.85037,80.16117
33.727306,25.92,2020-08-17T21:22:26Z,8.135119,26.844007,80.1082
33.70995,25.89,2020-08-17T21:23:05Z,8.093803,26.595238,78.40759
33.711697,25.64,2020-08-17T21:23:06Z,8.093317,26.782543,78.349106
33.706814,26.81,2020-08-17T21:23:46Z,8.083764,26.449026,76.679276
33.702347,26.24,2020-08-17T21:23:47Z,8.083938,26.563097,76.63327
33.663883,24.9,2020-08-17T21:24:26Z,8.055409,26.19826,74.939
33.663795,25.87,2020-08-17T21:24:27Z,8.056253,26.09285,74.89828
33.611374,25.36,2020-08-17T21:25:05Z,8.0213175,25.901924,73.14262
33.610775,25.88,2020-08-17T21:25:06Z,8.020975,26.121365,73.08908
33.608063,25.31,2020-08-17T21:25:46Z,8.019487,26.112658,71.329
33.607975,26.08,2020-08-17T21:25:47Z,8.019415,25.962648,71.285446
33.603848,24.63,2020-08-17T21:26:26Z,8.018623,25.80611,69.647316
33.60213,25.53,2020-08-17T21:26:27Z,8.018548,25.882753,69.59734
33.57968,24.97,2020-08-17T21:27:05Z,8.011139,25.749651,67.90816
33.572784,25.39,2020-08-17T21:27:06Z,8.010846,25.751822,67.857285
33.5328,25.54,2020-08-17T21:27:45Z,8.015418,25.287663,66.12027
33.53095,24.93,2020-08-17T21:27:46Z,8.016098,25.275377,66.06861
33.470196,24.55,2020-08-17T21:28:26Z,7.9964576,25.06701,64.39227
33.469982,24.84,2020-08-17T21:28:27Z,7.996541,25.24172,64.34298
33.44722,23.92,2020-08-17T21:29:05Z,7.986696,24.339191,62.65082
33.446312,24.09,2020-08-17T21:29:06Z,7.9860125,24.467064,62.602894
33.30648,24.26,2020-08-17T21:29:45Z,7.918744,24.277784,60.921974
33.30494,23.5,2020-08-17T21:29:46Z,7.9120007,24.15139,60.846577
33.28599,23.53,2020-08-17T21:30:26Z,7.8882594,23.347418,59.2137
33.28871,22.79,2020-08-17T21:30:27Z,7.8884225,23.31018,59.171555
33.240154,23.24,2020-08-17T21:31:06Z,7.876756,23.362186,57.35118
33.240116,22.9,2020-08-17T21:31:07Z,7.8762126,23.447765,57.30826
33.20108,23.18,2020-08-17T21:31:45Z,7.8682947,22.995962,55.652737
33.200134,22.75,2020-08-17T21:31:46Z,7.8681407,23.03117,55.591667
33.1929,22.32,2020-08-17T21:32:26Z,7.8669624,22.850807,53.841164
33.19116,22.31,2020-08-17T21:32:27Z,7.867086,22.750048,53.795845
33.174255,21.95,2020-08-17T21:33:05Z,7.8665204,22.676035,52.140915
33.175045,23.26,2020-08-17T21:33:06Z,7.8665447,22.59841,52.12
33.097385,21.85,2020-08-17T21:33:45Z,7.8704915,22.086725,50.48959
33.093525,21.66,2020-08-17T21:33:46Z,7.871476,22.089277,50.461
33.089806,21.24,2020-08-17T21:34:25Z,7.8732834,21.745302,48.8553
33.086174,21.1,2020-08-17T21:34:27Z,7.8734403,21.786713,48.792236
33.078396,21.48,2020-08-17T21:35:06Z,7.87577,21.618162,47.02024
33.078094,21.19,2020-08-17T21:35:07Z,7.8760285,21.65197,47.00551
33.07022,21.24,2020-08-17T21:35:46Z,7.8786063,21.63074,45.296356
33.069263,21.54,2020-08-17T21:35:47Z,7.878772,21.488638,45.248627
33.052982,20.58,2020-08-17T21:36:25Z,7.8853683,21.5175,43.697235
33.05498,21.23,2020-08-17T21:36:26Z,7.8850937,21.549389,43.708515
33.02355,20.23,2020-08-17T21:37:06Z,7.8955026,21.074621,42.092606
33.01964,21.41,2020-08-17T21:37:07Z,7.895936,21.16632,42.037952
33.005997,21.0,2020-08-17T21:37:46Z,7.9044623,20.816406,40.367245
33.00715,20.71,2020-08-17T21:37:47Z,7.9042373,20.928276,40.353275
32.992676,20.71,2020-08-17T21:38:26Z,7.9109025,20.963444,38.6241
32.99305,20.29,2020-08-17T21:38:27Z,7.9109406,20.887133,38.61319
32.983967,20.82,2020-08-17T21:39:05Z,7.915083,20.862164,37.0421
32.98382,20.67,2020-08-17T21:39:06Z,7.915171,20.684725,37.01644
32.92674,20.57,2020-08-17T21:39:46Z,7.9430294,20.986385,35.34659
32.921104,20.52,2020-08-17T21:39:47Z,7.946914,20.755314,35.303406
32.890186,19.27,2020-08-17T21:40:25Z,7.9653974,19.610153,33.773106
32.888824,19.78,2020-08-17T21:40:26Z,7.965793,19.840528,33.708527
32.854893,19.67,2020-08-17T21:41:05Z,7.9874206,19.285442,32.134945
32.854725,19.22,2020-08-17T21:41:06Z,7.986978,19.391743,32.115593
32.830048,20.07,2020-08-17T21:41:46Z,8.0043955,19.094585,30.275513
32.832306,19.0,2020-08-17T21:41:47Z,8.002832,19.218699,30.2674
32.804817,18.38,2020-08-17T21:42:25Z,8.026494,18.758682,28.710522
32.800823,18.64,2020-08-17T21:42:26Z,8.031181,19.019846,28.573463
32.779285,19.33,2020-08-17T21:43:06Z,8.057383,18.814177,26.973763
32.78025,18.14,2020-08-17T21:43:07Z,8.056342,18.830584,26.937283
32.726963,18.85,2020-08-17T21:43:47Z,8.105349,18.172935,25.312782
32.73024,18.9,2020-08-17T21:43:48Z,8.10289,18.139494,25.325996
32.680626,17.35,2020-08-17T21:44:26Z,8.148439,17.569262,23.63089
32.68169,18.01,2020-08-17T21:44:27Z,8.146894,17.585016,23.62386
32.665943,16.5,2020-08-17T21:45:06Z,8.412883,16.61348,21.8454
32.645805,17.85,2020-08-17T21:45:07Z,8.412246,16.85117,21.780653
32.60179,13.93,2020-08-17T21:45:47Z,8.5967,13.653318,20.341682
32.646248,14.29,2020-08-17T21:45:48Z,8.579063,14.004115,20.30351
32.72624,13.22,2020-08-17T21:46:26Z,9.129473,12.078537,18.644669
32.725605,12.51,2020-08-17T21:46:27Z,9.171215,11.951795,18.521072
32.755775,11.69,2020-08-17T21:47:07Z,9.419686,11.568411,16.923122
32.864212,11.84,2020-08-17T21:47:08Z,9.481337,11.181187,16.804922
32.706257,10.69,2020-08-17T21:47:46Z,9.863075,10.34564,15.368596
32.744247,10.66,2020-08-17T21:47:47Z,9.854571,10.442087,15.25932
32.758217,9.7,2020-08-17T21:48:27Z,10.363294,8.613495,13.612653
32.792004,8.59,2020-08-17T21:48:28Z,10.408582,8.270876,13.515156
32.66483,6.71,2020-08-17T21:49:08Z,10.535168,6.5227814,12.229998
32.689053,6.79,2020-08-17T21:49:09Z,10.520458,6.537291,12.114094
32.70548,3.08,2020-08-17T21:49:47Z,10.922699,3.5931075,10.2197695
32.7051,3.76,2020-08-17T21:49:48Z,10.947848,3.6191008,10.29783
