date,o2
2014-09-12 01:02:16.000003,260.56626742205475
2014-09-13 17:02:04.999999,259.0713339573177
2014-09-15 09:02:17.000001,260.6455065987594
2014-09-17 01:02:16.000003,260.8231850863059
2014-09-18 17:02:06.999998,259.71141249334426
2014-09-20 09:02:06.000001,257.87123052140237
2014-09-22 01:02:07.000002,256.8314938680843
2014-09-23 17:02:06.000004,255.8760276263295
2014-09-25 09:02:06.000001,259.6034801930551
2014-09-27 01:02:05.000003,260.5375946331329
2014-09-28 17:02:06.000004,259.5300903132761
2014-09-30 09:02:06.000001,257.8228673171245
2014-10-02 01:02:05.999997,258.3000523308309
2014-10-03 17:02:06.000004,261.7694950582387
2014-10-05 09:02:06.000001,258.64124771557715
2014-10-07 01:02:05.999997,256.7975183950717
2014-10-08 17:02:04.999999,258.55606350450205
2014-10-10 09:02:06.000001,259.29906150716465
2014-10-12 01:02:16.999998,256.56687993983337
2014-10-13 17:02:14.000001,257.3969804060157
2014-10-15 09:02:06.000001,260.2951019631719
2014-10-17 01:02:05.999997,259.35189600652234
2014-10-18 17:02:16.000000,260.71165338778724
2014-10-20 09:02:06.000001,260.245407329905
2014-10-22 01:02:05.999997,259.18849808342696
2014-10-23 17:02:06.000004,258.89173804587995
2014-10-25 09:02:06.000001,258.62914094398195
2014-10-27 01:02:05.999997,258.2233773715719
2014-10-28 17:02:06.000004,255.68467871336554
2014-10-30 09:02:04.999996,256.25525953219994
2014-11-01 01:02:05.000003,255.38825945700304
2014-11-02 17:02:06.000004,258.83599362684936
2014-11-04 09:02:06.000001,259.3895030963709
2014-11-06 01:02:05.000003,260.8308701982395
2014-11-07 17:02:04.999999,
2014-11-09 09:02:04.999996,260.13213387530135
2014-11-11 01:02:05.000003,257.528935406606
2014-11-12 17:02:06.000004,258.5141885457735
2014-11-14 09:02:06.000001,257.27523709297907
2014-11-16 01:02:05.000003,260.5135550609964
2014-11-17 17:02:14.999995,260.3449970368247
2014-11-19 09:02:15.999997,256.3684306477851
2014-11-21 01:02:05.000003,
2014-11-22 17:02:06.000004,
2014-11-24 09:02:06.000001,259.5423831203458
2014-11-26 01:02:05.999997,260.6571789495387
2014-11-27 17:02:14.999995,260.5900283102766
2014-11-29 09:02:06.000001,259.9513292305837
2014-12-01 01:02:05.000003,260.02900173595924
2014-12-02 17:02:06.000004,258.22681237380687
2014-12-04 09:02:04.999996,255.20808458045883
2014-12-06 01:02:05.000003,254.60905795872492
2014-12-07 17:02:04.999999,256.89322804156507
2014-12-09 09:02:06.000001,259.6994051368688
2014-12-11 01:02:05.000003,257.34215886628795
2014-12-14 09:02:04.999996,256.0203344609786
2014-12-16 01:02:05.999997,255.9023373871623
2014-12-17 17:02:06.000004,255.32114982840997
2014-12-19 09:02:06.999995,254.95780069084705
2014-12-21 01:02:07.000002,255.82174708105197
2014-12-22 17:02:06.000004,255.36008529520717
2014-12-24 09:02:17.999996,257.5528642073226
2014-12-26 01:02:16.999998,260.02008721653084
2014-12-27 17:02:06.000004,255.4321747878024
2014-12-29 09:02:17.000001,254.30679935448973
2014-12-31 01:02:07.000002,256.40542660148833
2015-01-01 17:02:06.000004,257.5771248231386
2015-01-03 09:02:04.999996,
2015-01-05 01:02:07.999996,
2015-01-06 17:02:08.000003,254.53430610298534
2015-01-08 09:02:06.999995,255.46008921535434
2015-01-10 01:02:05.999997,257.7219498692567
2015-01-11 17:02:08.000003,257.2831472553737
2015-01-13 09:02:06.999995,257.98946954608834
2015-01-15 01:02:05.999997,258.8351846252614
2015-01-16 17:02:04.999999,258.3040172092095
2015-01-18 09:02:06.000001,255.79709826084627
2015-01-20 01:02:07.000002,254.34635577663892
2015-01-21 17:02:06.999998,255.666850042356
2015-01-23 09:02:06.999995,257.69871849946753
2015-01-25 01:02:07.000002,257.22032862927693
2015-01-26 17:02:04.999999,255.77998262438024
2015-01-28 09:02:06.999995,256.2188107332344
2015-01-30 01:02:05.999997,256.83484507134165
2015-01-31 17:02:04.999999,256.6775487739446
2015-02-02 09:02:15.000002,255.62417062446494
2015-02-04 01:02:05.000003,256.1442997560516
2015-02-05 17:02:04.999999,253.9811715788768
2015-02-07 09:02:04.999996,
2015-02-08 07:20:08.999997,
2015-02-10 17:02:04.999999,
2015-02-12 09:02:15.000002,257.87264405287397
2015-02-14 01:02:05.000003,254.811190084857
2015-02-15 17:02:04.000005,255.3340920295958
2015-02-17 09:02:04.000001,255.6205740938274
2015-02-19 01:02:03.999998,
2015-02-20 17:02:04.999999,
2015-02-21 15:52:28.999999,256.2974901745887
2015-02-24 01:02:03.000003,257.89512482588435
2015-02-25 17:02:03.000000,254.78876116074755
2015-02-27 09:02:02.000002,255.85584239358838
2015-03-01 01:02:14.000004,257.84443540781297
2015-03-02 17:02:03.000000,256.54116648830177
2015-03-04 09:02:04.000001,256.76056635493404
2015-03-06 01:02:03.000003,256.32866732269156
2015-03-07 17:02:03.000000,259.2000753557514
2015-03-09 09:02:02.999997,257.07581040853427
2015-03-11 01:02:03.999998,256.7331310147976
2015-03-12 17:02:04.999999,255.70212070864977
2015-03-14 09:02:04.000001,256.3845929900882
2015-03-16 01:02:05.000003,254.79230709385553
2015-03-17 17:02:04.999999,256.0127453877066
2015-03-19 09:02:04.999996,256.89490377800826
2015-03-21 01:02:05.000003,258.6692742140169
2015-03-22 17:02:04.999999,257.00390940000227
2015-03-24 09:02:06.000001,256.1196711190354
2015-03-26 01:02:03.999998,254.02923340146683
2015-03-27 17:02:04.999999,255.01837450826184
2015-03-28 15:51:49.999999,253.46252427645143
2015-03-31 01:02:14.999999,255.25690483242914
2015-04-01 17:02:04.000005,255.68511455791636
2015-04-03 09:02:04.999996,254.3843273498538
2015-04-05 01:02:03.999998,254.6104649218916
2015-04-06 17:02:04.000005,256.3933730891729
2015-04-08 09:02:06.000001,256.63056406535907
2015-04-10 01:02:05.999997,253.5886601828289
2015-04-11 17:02:04.999999,252.84495141460496
2015-04-13 09:02:06.000001,254.67824730704984
2015-04-15 01:02:16.000003,254.69534801670838
2015-04-16 17:02:16.000000,252.87462748277136
2015-04-18 09:02:06.999995,254.41111405046948
2015-04-20 01:02:07.000002,253.6839387698833
2015-04-21 17:02:04.999999,257.57356654850594
2015-04-23 09:02:04.999996,252.93961336151153
2015-04-25 01:02:16.000003,
2015-04-28 09:02:06.999995,
2015-05-03 09:02:08.000000,257.68571836157577
2015-05-05 01:02:07.999996,257.0305193736455
2015-05-06 17:02:06.999998,256.9327341161214
2015-05-08 09:02:06.999995,256.9197616408618
2015-05-10 01:02:07.000002,252.681046569883
2015-05-11 17:02:06.000004,254.1801584579686
2015-05-13 09:02:06.999995,254.58222300923762
2015-05-15 01:02:16.999998,254.11264215164132
2015-05-16 17:02:06.999998,255.47195611320166
2015-05-18 09:02:17.999996,255.47984385444474
2015-05-20 01:02:09.000001,255.74187267721902
2015-05-21 17:02:08.999998,256.0197472240559
2015-05-23 09:02:08.000000,257.6841522187955
2015-05-25 01:02:07.000002,253.2275111700218
2015-05-26 17:02:08.000003,253.51992005396394
2015-05-28 09:02:08.000000,256.26973978943874
2015-05-30 01:02:07.999996,252.33428529579612
2015-05-31 17:02:06.999998,252.8622933795005
2015-06-02 09:02:06.999995,252.6003331400451
2015-06-04 01:02:05.000003,254.72472924886796
2015-06-05 17:02:06.999998,254.7660933180812
2015-06-07 09:02:17.999996,255.32686925228
2015-06-09 01:02:05.999997,253.3138657327467
2015-06-10 17:02:06.000004,255.3194961805517
2015-06-12 09:02:04.999996,256.2916482695266
2015-06-14 01:02:05.999997,255.96709465113702
2015-06-15 17:02:06.000004,255.43804562192537
2015-06-17 09:02:06.000001,258.42180810106754
2015-06-19 01:02:16.000003,254.7405480985534
2015-06-20 17:02:06.000004,254.83561410971544
2015-06-22 09:02:06.000001,257.2421522183984
2015-06-24 01:02:05.000003,254.12097995408166
2015-06-25 17:02:04.999999,255.62450828709692
2015-06-27 09:02:04.999996,254.20266149860726
2015-06-29 01:02:05.000003,252.52478217061454
2015-07-02 09:02:04.999996,
2015-07-04 01:02:03.999998,254.86369340623853
2015-07-05 17:02:14.999995,254.65892832887025
2015-07-07 09:02:04.000001,253.66501416452834
2015-07-09 01:02:05.000003,254.3943374665203
2015-07-10 17:02:04.999999,255.64553517656913
2015-07-12 09:02:04.999996,253.33507300350428
2015-07-14 01:02:05.000003,254.38639753656938
2015-07-15 17:02:04.000005,253.97194021729507
2015-07-17 09:02:13.999997,255.043494522979
2015-07-19 01:02:05.000003,259.27433529768683
2015-07-20 17:02:14.999995,260.23372053731737
2015-07-22 09:02:04.999996,257.8705600145065
2015-07-24 01:02:03.999998,252.095505214533
2015-07-25 17:02:14.999995,255.59098587114437
2015-07-27 09:02:13.000003,253.50495736901883
2015-07-29 01:02:05.000003,252.92270722052862
2015-07-30 17:02:03.000000,252.68834633850946
2015-08-01 09:02:15.000002,252.29678785589627
2015-08-03 01:02:05.000003,255.09862157276862
2015-08-04 17:02:04.000005,
2015-08-06 09:02:13.000003,
2015-08-08 01:02:03.999998,258.22605321625963
2015-08-09 17:02:04.000005,256.7608860478917
2015-08-17 04:02:03.999998,
2015-08-20 12:02:02.999997,258.4788643414979
2015-08-22 04:02:03.999998,254.1292795213793
2015-08-23 20:02:14.000001,254.08456252737614
2015-08-27 04:02:14.000004,251.4301080363679
2015-08-28 20:02:03.000000,254.09855230947514
2015-08-30 12:02:13.000003,252.94692355280716
2015-09-01 04:02:12.000005,255.77123373182957
2015-09-02 20:02:12.000002,255.46321122141038
2015-09-04 12:02:13.000003,254.98557231822605
2015-09-06 04:02:01.999999,255.74091891389796
2015-09-07 20:02:10.999997,253.86834951207703
2015-09-09 12:02:11.999998,253.36719436969463
2015-09-11 04:02:11.000000,253.0620089827853
2015-09-12 20:02:01.999995,257.39080663948425
2015-09-14 12:02:11.999998,257.3425816636855
2015-09-16 04:02:12.000005,249.39447747130376
2015-09-17 20:02:10.999997,249.16791082933034
2015-09-19 12:02:11.999998,254.9042326811768
2015-09-21 04:02:12.999999,250.93282565193903
2015-09-22 20:02:01.999995,252.70876621599444
2015-09-24 12:02:13.000003,251.8478952775833
2015-09-26 04:02:01.999999,251.03362635660125
2015-09-27 20:02:03.000000,
2015-10-02 20:02:12.999996,251.75398954477384
2015-10-04 12:02:13.000003,251.08587300995146
2015-10-06 04:02:12.000005,249.14224972062013
2015-10-07 20:02:12.000002,249.92752433768572
2015-10-09 12:02:02.999997,249.7099321465554
2015-10-11 04:02:01.999999,251.7082159685153
2015-10-12 20:02:03.000000,254.36807588847122
2015-10-13 18:35:56.000004,250.56584045724372
2015-10-17 20:02:12.000002,252.2636191626838
2015-10-19 12:02:02.999997,255.37979308433557
2015-10-21 04:02:01.999999,252.9413453385064
2015-10-22 20:02:14.999995,252.80315041068184
2015-10-24 12:02:11.999998,249.34509602570165
2015-10-26 04:02:14.000004,251.94366091772585
2015-10-27 20:02:04.000005,254.48460343518212
2015-10-29 12:02:02.999997,
2015-10-31 04:02:14.999999,252.8972054381939
2015-11-01 20:02:14.000001,252.0665442682246
2015-11-03 12:02:04.999996,251.85639417934786
2015-11-05 04:02:05.000003,253.35574365089423
2015-11-06 20:02:04.000005,252.56579278033487
2015-11-08 12:02:13.000003,253.03230414270757
2015-11-10 04:02:12.999999,251.93914662603856
2015-11-11 20:02:06.000004,252.64120879812725
2015-11-13 12:02:13.999997,251.69562507857245
2015-11-15 04:02:16.000003,253.21466056390943
2015-11-16 20:02:06.000004,251.50593924005483
2015-11-18 12:02:02.999997,251.27915889411472
2015-11-20 05:12:57.999998,248.87171782505362
2015-11-21 20:02:12.999996,249.29188500451525
2015-11-23 12:02:06.000001,250.11272697401358
2015-11-25 04:02:14.999999,251.38491689535286
2015-11-26 20:02:12.000002,252.59508666494426
2015-11-28 12:02:15.999997,253.0516401625874
2015-11-30 04:02:16.999998,253.6277523574526
2015-12-01 20:02:04.999999,251.624576334503
2015-12-03 12:02:02.999997,251.92585897510523
2015-12-05 04:02:03.999998,252.72626966982324
2015-12-06 20:02:16.000000,252.40460096622462
2015-12-08 12:02:04.999996,250.02323893985283
2015-12-10 04:02:12.000005,252.76054291498903
2015-12-11 20:02:14.000001,253.10629387550577
2015-12-13 12:02:15.999997,252.59272008404224
2015-12-15 04:02:14.999999,249.26588742935456
2015-12-16 20:02:03.000000,250.07745828995533
2015-12-18 12:02:13.999997,252.29518178060715
2015-12-20 04:02:14.000004,252.05667993278414
2015-12-21 20:02:03.000000,252.32966541133317
2015-12-23 12:02:02.999997,250.56792582256986
2015-12-25 04:02:12.999999,248.99585582399322
2015-12-26 20:02:04.000005,251.18700996570715
2015-12-28 12:02:04.000001,250.65181743316953
2015-12-30 04:02:03.000003,250.82869402423967
2015-12-31 20:02:01.999995,250.67152207286478
2016-01-02 12:02:13.000003,249.25644825529318
2016-01-04 04:02:03.000003,249.19531384034332
2016-01-05 20:02:12.999996,250.5819718176847
2016-01-07 12:02:02.999997,250.2085290597166
2016-01-09 04:02:01.000004,248.59339969493814
2016-01-10 20:02:12.999996,247.4680541337775
2016-01-12 12:02:02.000002,248.63465309513097
2016-01-14 04:02:01.999999,249.83260947354404
2016-01-15 20:02:12.000002,250.74639788984473
2016-01-17 12:02:02.999997,248.0324059559287
2016-01-19 04:02:03.000003,247.86122254203144
2016-01-20 20:02:12.999996,248.1377679975794
2016-01-22 12:02:02.000002,248.08661864965413
2016-01-24 04:02:12.000005,252.03648231886154
2016-01-25 20:02:03.000000,249.83498443233447
2016-01-27 12:02:02.000002,253.704599089669
2016-01-29 04:02:03.000003,248.73680015084034
2016-01-30 20:02:12.999996,249.7823963518699
2016-02-01 12:02:13.000003,247.0168364789329
2016-02-03 04:02:01.999999,249.16272357464345
2016-02-04 20:02:03.000000,248.6363838885659
2016-02-06 12:02:04.000001,248.04437982595377
2016-02-08 04:02:03.999998,248.7437893807206
2016-02-09 20:02:14.000001,248.19375391935375
2016-02-11 12:02:13.999997,248.85504197904066
2016-02-13 04:02:03.000003,250.3598191588826
2016-02-14 20:02:14.999995,253.49930912730673
2016-02-16 12:02:02.000002,252.1127102398826
2016-02-18 04:02:03.999998,
2016-02-21 12:02:15.000002,249.9893220698499
2016-02-23 04:02:12.000005,249.59670224018356
2016-02-24 20:02:03.000000,250.23991118737723
2016-02-26 12:02:04.000001,249.37095337988308
2016-02-28 04:02:05.000003,251.11503378090393
2016-02-29 20:02:04.999999,252.7727816495622
2016-03-02 12:02:02.999997,253.0269242562218
2016-03-04 04:02:14.999999,251.1485379354445
2016-03-05 20:02:04.999999,248.16731332857347
2016-03-07 12:02:02.000002,248.01487380773014
2016-03-09 04:02:05.999997,247.9315776476049
2016-03-10 20:02:14.999995,248.099037598528
2016-03-12 12:02:15.999997,247.68333846282803
2016-03-14 04:02:12.999999,248.78294721404097
2016-03-15 20:02:06.000004,249.38280247604027
2016-03-17 12:02:00.999997,253.85070938718678
2016-03-19 04:02:07.999996,251.46787430595435
2016-03-20 20:02:16.000000,255.49692123429895
2016-03-22 12:02:15.999997,251.99101477205892
2016-03-24 04:02:05.999997,251.30924164469815
2016-03-25 20:02:17.000005,249.81319549944067
2016-03-27 12:02:17.000001,251.93752627123837
2016-03-29 04:02:16.999998,251.8068773959953
2016-03-30 20:02:06.000004,250.22058028373328
2016-04-01 12:02:06.999995,247.48708119113155
2016-04-03 04:02:18.000003,
2016-04-04 20:02:06.999998,
2016-04-06 12:02:15.999997,
2016-04-08 04:02:07.000002,252.6253088854071
2016-04-09 20:02:06.999998,
2016-04-11 12:02:06.999995,
2016-04-13 04:02:16.000003,248.8164451056053
2016-04-14 20:02:16.000000,250.5771445813148
2016-04-16 12:02:15.999997,251.986078831901
2016-04-18 04:02:05.999997,250.80922024824514
2016-04-19 20:02:06.999998,251.35247047520429
2016-04-21 12:02:15.999997,247.81301538292908
2016-04-23 04:02:16.000003,248.77029260885823
2016-04-24 20:02:16.000000,251.42142216919225
2016-04-26 12:02:15.999997,248.5370422956413
2016-04-28 04:02:16.000003,248.27262487311978
2016-04-29 20:02:01.999995,248.04666083655349
2016-05-01 12:02:15.000002,248.16248962716438
2016-05-03 04:02:05.000003,249.79105450205702
2016-05-04 20:02:04.000005,248.9983382592028
2016-05-06 12:02:15.000002,249.57929295378108
2016-05-08 04:02:14.000004,249.60472763009798
2016-05-09 20:02:04.000005,248.47454300342076
2016-05-11 12:02:13.000003,248.91958932745413
2016-05-13 04:02:14.000004,249.1475167357229
2016-05-14 20:02:04.000005,
2016-05-16 12:02:13.999997,251.59032668456516
2016-05-18 04:02:14.000004,249.09882665631656
2016-05-19 20:02:04.000005,
2016-05-21 12:02:15.000002,
2016-05-23 04:02:14.999999,251.30040739373425
2016-05-24 20:02:04.000005,248.18220377731615
2016-05-26 12:02:15.000002,251.01963505415992
2016-05-28 04:02:12.999999,249.0789825664757
2016-05-29 20:02:12.000002,249.2300610747738
2016-05-31 12:02:11.000004,250.16200803109473
2016-06-02 04:02:03.000003,250.01048654384508
2016-06-03 20:02:04.000005,247.201950932643
2016-06-05 12:02:02.999997,252.39977624146815
2016-06-07 04:02:12.000005,
2016-06-08 20:02:12.999996,
2016-06-10 12:02:02.000002,
2016-06-12 04:02:11.000000,254.19872681088296
2016-06-13 20:02:12.999996,254.9212544566675
2016-06-15 12:02:11.999998,252.59982048538262
2016-06-17 04:02:12.000005,253.1727616028664
2016-06-18 20:02:14.000001,252.8810517272127
2016-06-20 12:02:13.000003,251.85807305084757
2016-06-22 04:02:03.000003,247.8788043860244
2016-06-23 20:02:12.999996,253.0478388568463
2016-06-25 12:02:13.999997,253.64517769984144
2016-07-11 06:20:55.999997,277.37792537453225
2016-07-13 16:02:03.999998,281.2516304056357
2016-07-15 08:02:14.000001,279.8711214693891
2016-07-17 00:02:15.000002,281.1116842894131
2016-07-18 16:02:14.000004,274.3648900318901
2016-07-19 14:21:57.999996,273.8185228586901
2016-07-22 00:02:04.999996,277.5255772452391
2016-07-23 16:02:14.000004,275.41718543830234
2016-07-25 08:02:14.999995,276.3685872510598
2016-07-27 00:02:04.999996,276.37412888140705
2016-07-28 16:02:05.000003,274.83664233890283
2016-07-30 08:02:14.000001,279.28191028177423
2016-08-01 00:02:13.999997,277.8942194285624
2016-08-02 16:02:14.999999,270.67192727210954
2016-08-03 14:20:57.999999,273.8209829419467
2016-08-06 00:02:04.999996,276.5751681601271
2016-08-07 16:02:14.000004,279.58263049282584
2016-08-08 14:22:27.000000,274.63539623478636
2016-08-11 00:02:13.999997,276.1665220029155
2016-08-12 16:02:14.000004,279.32835683676217
2016-08-14 08:02:14.999995,276.1282209556268
2016-08-15 06:24:17.000003,277.15481902045576
2016-08-16 22:21:37.999997,276.9558998894202
2016-08-19 08:02:04.000005,274.05039719900543
2016-08-21 00:02:13.999997,276.86038039175526
2016-08-22 16:02:12.999999,278.7422403735557
2016-08-24 08:02:12.999996,277.7431448756115
2016-08-26 00:02:04.999996,274.42628664841925
2016-08-26 22:11:27.000002,
2016-08-28 14:19:06.999998,271.46663764107007
2016-08-31 00:02:13.999997,270.30786387346666
2016-09-01 16:02:14.000004,273.02138397476915
2016-09-03 08:02:14.000001,271.8819359932212
2016-09-05 00:02:13.000003,274.870854078785
2016-09-05 22:24:37.999996,273.2036136065027
2016-09-08 08:02:14.999995,276.55772558483295
2016-09-09 06:20:57.999996,276.8930544820473
2016-09-10 22:23:38.000000,270.538199503948
2016-09-13 08:02:14.999995,270.9476268950404
2016-09-15 00:02:13.999997,270.2735213433531
2016-09-16 16:02:03.999998,270.09096858832277
2016-09-18 08:02:12.999996,275.1738145406544
2016-09-20 00:02:04.000001,274.15322933998254
2016-09-21 16:02:14.000004,276.4992379374286
2016-09-23 08:02:14.000001,274.80631319999674
2016-09-25 00:02:13.999997,274.8249506389909
2016-09-25 22:22:57.000001,276.6537056401535
2016-09-28 08:02:14.000001,277.6314080618551
2016-09-30 00:02:13.999997,277.75989908505255
2016-10-01 16:02:14.000004,276.05832645727986
2016-10-03 08:02:04.000005,275.140716194731
2016-10-04 06:26:27.000002,277.00530992540365
2016-10-05 22:27:35.999997,275.83271439678435
2016-10-08 08:02:12.999996,275.4985126920538
2016-10-10 00:02:13.000003,271.93621104681176
2016-10-10 22:23:58.000002,275.64501598742794
2016-10-13 08:02:03.000000,273.18449143569114
2016-10-15 00:02:13.999997,274.41054203178453
2016-10-16 16:02:12.999999,275.48835289297557
2016-10-18 08:02:04.000005,277.57127643409405
2016-10-19 06:22:07.999999,270.6377000540253
2016-10-21 16:02:14.000004,270.71696685816954
2016-10-23 08:02:14.000001,273.56988515997114
2016-10-25 00:02:04.000001,269.94999856355867
2016-10-26 16:02:14.000004,269.66398392088
2016-10-28 08:02:04.999999,269.31295360926373
2016-10-30 00:02:02.999997,271.2091722427883
2016-10-31 16:02:14.000004,274.5771568765733
2016-11-02 08:02:04.000005,273.0560597868397
2016-11-03 06:22:18.000005,274.5094912877112
2016-11-05 16:02:14.000004,272.6953573140798
2016-11-07 08:02:04.999999,268.63198176203525
2016-11-08 06:23:16.000002,271.0072853071728
2016-11-10 16:02:14.000004,271.8631681972669
2016-11-12 08:02:12.999996,276.2015228869046
2016-11-14 00:02:02.999997,
2016-11-15 16:02:05.000003,
2016-11-17 08:02:14.000001,276.5668222466908
2016-11-19 00:02:13.999997,272.82889139643885
2016-11-20 16:02:12.999999,269.33563331868555
2016-11-22 08:02:14.000001,269.49952092321917
2016-11-23 06:27:56.999997,
2016-11-25 16:02:14.000004,
2016-11-27 08:02:04.000005,272.433172840979
2016-11-29 00:02:13.999997,274.83832826844457
2016-11-30 16:02:12.999999,275.4273460197406
2016-12-02 08:02:03.000000,275.7975796104705
2016-12-04 00:02:13.000003,275.5706511288714
2016-12-05 16:02:12.999999,273.87605370323007
2016-12-07 08:02:12.999996,
2016-12-09 00:02:13.999997,271.032878640165
2016-12-10 16:02:03.999998,271.77372883213496
2016-12-12 08:02:04.999999,273.50718877310203
2016-12-14 00:02:13.000003,275.1728545990255
2016-12-15 16:02:12.999999,272.3240697646405
2016-12-16 14:23:39.000001,271.51567967020753
2016-12-18 06:25:48.000002,270.0953580007969
2016-12-19 22:27:16.999999,270.17648985195285
2016-12-22 08:02:04.000005,270.48027209562935
2016-12-24 00:02:04.000001,270.4321198401876
2016-12-24 22:28:06.999999,269.80812395900557
2016-12-27 08:02:03.000000,270.76600697608956
2016-12-29 00:02:04.000001,269.9777914125906
2016-12-30 16:02:14.000004,269.5635910658917
2016-12-31 14:26:57.000004,268.50271515967154
2017-01-03 00:02:13.000003,270.78196849557844
2017-01-04 16:02:12.999999,269.5080191431811
2017-01-05 14:26:37.000001,271.066477231587
2017-01-08 00:02:13.999997,271.2636010383665
2017-01-08 22:24:57.000004,271.3726420721852
2017-01-11 08:02:04.000005,
2017-01-13 00:02:13.999997,270.9367930526349
2017-01-13 22:26:37.000005,270.475248343065
2017-01-15 14:26:26.999995,269.2814536186204
2017-01-18 00:02:13.000003,269.1637097190968
2017-01-18 22:28:27.000002,268.4839418534976
2017-01-21 08:02:12.999996,271.0346350748432
2017-01-23 00:02:15.000002,
2017-01-24 16:02:03.000003,
2017-01-26 08:02:04.000005,
2017-01-28 00:02:13.999997,
2017-01-29 16:02:12.999999,268.5687116754143
2017-01-31 08:02:03.000000,268.37769401434457
2017-02-02 00:02:13.999997,269.9422449820803
2017-02-03 16:02:14.000004,271.3175634024508
2017-02-04 14:28:06.999996,274.0036810998676
2017-02-07 00:02:13.999997,271.35839610283773
2017-02-08 16:02:14.000004,271.9592864370928
2017-02-10 08:02:04.000005,270.73131832341795
2017-02-11 06:27:56.000002,269.3353875664484
2017-02-13 16:02:03.999998,273.12664394304124
2017-02-15 08:02:14.000001,272.3420179131734
2017-02-17 00:02:13.999997,274.2181380703162
2017-02-18 16:02:12.999999,271.6451065945371
2017-02-19 14:30:27.000001,272.8959326718158
2017-02-22 00:02:13.000003,272.59857472334375
2017-02-23 16:02:03.999998,272.199091694632
2017-02-25 08:02:14.000001,269.3617635651584
2017-02-27 00:02:13.000003,272.5707652257437
2017-02-28 16:02:12.999999,271.02769610480857
2017-03-01 14:28:47.000000,
2017-03-04 00:02:04.000001,
2017-03-04 22:24:46.999998,
2017-03-07 08:02:12.999996,268.85495869224076
2017-03-09 00:02:13.999997,270.6131316252025
2017-03-09 22:26:26.999999,272.826222071275
2017-03-12 08:02:04.000005,275.59248810268383
2017-03-14 00:02:02.999997,273.670105650849
2017-03-15 16:02:14.000004,273.9975063793851
2017-03-17 08:02:04.000005,272.1421726857087
2017-03-18 06:28:57.999998,268.45032598691967
2017-03-20 16:02:14.000004,270.08508833670544
2017-03-22 08:02:03.000000,268.16133023202167
2017-03-24 00:02:13.000003,269.61476309368277
2017-03-24 22:27:48.000002,270.9428165211634
2017-03-27 08:02:12.999996,
2017-03-29 00:02:13.999997,270.50196902095735
2017-03-30 16:02:14.000004,270.30532569806064
2017-04-01 08:02:12.999996,272.9979483598959
2017-04-03 00:02:04.000001,269.9206004265415
2017-04-04 16:02:03.999998,273.08809123898305
2017-04-06 08:02:14.000001,271.3752307897588
2017-04-07 06:29:08.000004,267.6453923209291
2017-04-08 22:28:57.000000,267.1325228483926
2017-04-11 08:02:14.999995,267.49047186152416
2017-04-13 00:02:15.000002,270.7613864868862
2017-04-14 16:02:03.999998,272.33839895492645
2017-04-16 08:02:03.000000,270.26871179109787
2017-04-18 00:02:04.000001,269.88407870346714
2017-04-19 16:02:03.999998,272.2370855693246
2017-04-21 08:02:14.000001,268.96228175950586
2017-04-23 00:02:13.999997,273.0087205479841
2017-04-24 16:02:14.999999,268.5267076145939
2017-04-25 14:32:07.000002,
2017-04-28 00:02:04.000001,
2017-04-29 16:02:14.000004,269.4356627643763
2017-05-01 08:02:14.999995,269.21772449899765
2017-05-04 16:02:14.000004,273.9076639610836
2017-05-06 08:02:14.999995,269.83999010880916
2017-05-08 00:02:13.999997,273.4772090769636
2017-05-08 23:05:47.999997,271.9309259343962
2017-05-10 15:05:46.999999,269.2310044631487
2017-05-12 07:04:37.999998,273.278593816981
2017-05-14 16:02:14.000004,272.39188502930506
2017-05-16 08:02:14.000001,274.7400628610583
2017-05-17 07:04:26.000002,278.0739405875812
2017-05-18 23:04:05.999997,269.4105127251472
2017-05-21 08:02:14.000001,274.18445422838545
2017-05-23 00:02:13.999997,272.68642455764746
2017-05-24 16:02:03.999998,276.86120201975723
2017-05-26 08:02:14.000001,275.9308578818116
2017-05-28 00:02:13.999997,273.9916576774176
2017-05-29 16:02:03.999998,
2017-05-31 08:02:14.000001,
2017-06-01 07:07:09.000003,271.27419232963103
2017-06-02 23:07:57.000001,269.1818677410658
2017-06-04 15:07:15.999999,272.19199047281575
2017-06-07 00:02:13.999997,272.7944947507814
2017-06-08 16:02:14.000004,274.68855863541967
2017-06-10 08:02:14.999995,269.3210223934549
2017-06-12 00:02:15.000002,271.79598079520963
2017-06-13 16:02:14.999999,268.68057814980716
2017-06-14 15:05:19.000000,268.989215284426
2017-06-17 00:02:15.000002,268.9613240831135
2017-06-18 16:02:14.000004,268.213923262079
2017-06-20 08:02:14.000001,268.13221552365405
2017-06-22 00:02:04.999996,268.1673888371241
2017-06-23 16:02:05.000003,269.9985141353572
2017-06-25 08:02:14.000001,270.55559020437016
2017-06-27 00:02:15.000002,271.5510182028869
2017-06-28 16:02:14.000004,270.2004236965937
2017-06-30 08:02:14.999995,269.4681282489304
2017-07-02 00:02:04.999996,267.972775263592
2017-07-03 16:02:14.000004,274.01637757778695
2017-07-05 08:02:14.000001,270.6441295320206
2017-07-07 00:02:13.999997,274.62717987033864
2017-07-07 23:12:26.999995,273.7937539240087
2017-07-10 08:02:14.000001,274.34906580671156
2017-08-07 00:02:02.999997,273.18349730009487
2017-08-08 16:02:03.000003,273.72345132286296
2017-08-10 08:02:03.000000,272.9406294150565
2017-08-12 00:02:04.000001,272.94526662686957
2017-08-13 16:02:12.999999,272.56862506761513
2017-08-15 08:02:03.000000,270.37472172234095
2017-08-17 00:02:02.999997,270.3227691827075
2017-08-18 16:02:03.000003,270.1007007792847
2017-08-20 08:02:01.999995,273.33851857877954
2017-08-22 00:02:02.000002,275.26016162069067
2017-08-23 16:02:01.999999,274.9723490809165
2017-08-25 08:02:03.000000,272.44946258970344
2017-08-27 00:02:02.000002,271.9567823957418
2017-08-28 16:02:01.999999,269.49941154634115
2017-08-30 08:02:03.000000,273.72072127928857
2017-09-01 00:02:02.000002,269.43546939697285
2017-09-02 16:02:01.999999,272.573611254089
2017-09-04 08:02:01.999995,272.39422192005236
2017-09-06 00:02:02.000002,271.5316687586525
2017-09-07 16:02:01.999999,274.63145109850404
2017-09-09 08:02:01.999995,274.82385520774665
2017-09-11 00:02:02.000002,274.30050690096994
2017-09-12 16:02:03.000003,273.6066049367533
2017-09-13 14:36:54.999999,273.35883380297224
2017-09-16 00:02:02.999997,271.24141432041597
2017-09-17 16:02:01.000004,272.76160242464425
2017-09-19 08:02:03.000000,271.66149757763725
2017-09-21 00:02:02.999997,269.694069979599
2017-09-22 16:02:01.999999,273.53782954925475
2017-09-24 08:02:12.999996,275.45194761858806
2017-09-26 00:02:02.000002,275.3491279334871
2017-09-27 16:02:11.000000,275.0963047763373
2017-09-29 08:02:12.000002,274.40117359294754
2017-10-01 00:02:11.999998,274.3453191928784
2017-10-02 16:02:01.999999,271.693590117744
2017-10-04 08:02:03.000000,270.31317818796913
2017-10-06 00:02:02.000002,270.0167597057923
2017-10-07 16:02:12.000005,269.2913165231636
2017-10-09 08:02:03.000000,268.78324039261526
2017-10-11 00:02:02.000002,268.95496538513146
2017-10-12 16:02:01.999999,270.831283691557
2017-10-14 08:02:03.000000,268.4938343997381
2017-10-16 00:02:02.000002,267.2092773897359
2017-10-17 16:02:01.999999,268.3303194885753
2017-10-19 08:02:01.000001,267.3561559700272
2017-10-21 00:02:02.999997,268.52184039080316
2017-10-22 16:02:03.000003,270.6505585087521
2017-10-24 08:02:01.000001,271.2650106551587
2017-10-26 00:02:02.999997,271.7368172468133
2017-10-27 16:02:01.999999,273.1639204155691
2017-10-29 08:02:01.999995,272.3922182220446
2017-10-31 00:02:02.000002,270.6368770688405
2017-11-01 16:02:03.000003,269.73677652222455
2017-11-03 08:02:01.999995,268.70087855764046
2017-11-05 00:02:02.000002,268.1672930160384
2017-11-06 16:02:01.999999,272.1107752605386
2017-11-08 08:02:21.999998,273.2203309632081
2017-11-10 00:02:13.000003,270.3662165784203
2017-11-11 16:02:01.999999,269.84815386978687
2017-11-13 08:02:03.000000,269.0938143970626
2017-11-15 00:02:02.999997,268.909327611525
2017-11-16 16:02:01.999999,270.9599708844662
2017-11-18 08:02:01.999995,272.1874134834911
2017-11-20 00:02:02.999997,271.57135880169915
2017-11-21 16:02:01.999999,273.0772333270678
2017-11-23 08:02:01.999995,270.9294690768983
2017-11-25 00:02:02.000002,270.20693912069356
2017-11-26 16:02:01.999999,269.64542727968137
2017-11-28 08:02:01.999995,270.4851121468811
2017-11-30 00:02:02.000002,269.66866551577124
2017-12-01 16:02:01.999999,271.48531355116705
2017-12-03 08:02:03.000000,270.9768204041386
2017-12-05 00:02:02.000002,272.66408318602066
2017-12-06 16:02:01.999999,272.9031111273971
2017-12-08 08:02:03.000000,271.57788782814566
2017-12-10 00:02:02.000002,270.8030155314966
2017-12-11 16:02:01.999999,271.6232208603785
2017-12-13 08:02:01.999995,270.0098903527586
2017-12-15 00:02:02.000002,270.7120728398033
2017-12-16 16:02:01.999999,270.20059848717625
2017-12-18 08:02:01.999995,269.60625187706705
2017-12-20 00:02:02.000002,272.0876860972511
2017-12-21 16:02:03.000003,272.3348523951046
2017-12-23 08:02:03.000000,270.0588172642723
2017-12-25 00:02:02.000002,270.5850476635776
2017-12-26 16:02:01.999999,266.84482303755
2017-12-28 08:02:01.999995,267.2701388599233
2017-12-30 00:02:02.000002,267.0364645110276
2017-12-31 16:02:03.000003,269.83445749963767
2018-01-01 14:45:54.999997,271.1078804641436
2018-01-04 00:02:02.000002,271.05217144121417
2018-01-05 16:02:03.000003,266.90335123640835
2018-01-07 08:02:01.999995,
2018-01-09 00:02:02.000002,267.74346383474494
2018-01-10 16:02:01.999999,271.56612500431766
2018-01-12 08:02:01.999995,270.34404500199776
2018-01-14 00:02:02.000002,270.9783281033415
2018-01-15 16:02:03.000003,268.6030101608977
2018-01-17 08:02:01.999995,270.1093154395095
2018-01-19 00:02:02.000002,269.54765986239545
2018-01-20 16:02:01.999999,269.68918433530007
2018-01-22 08:02:01.999995,270.4317124304961
2018-01-24 00:02:02.000002,268.74057857112166
2018-01-25 16:02:01.999999,270.05261835941013
2018-01-27 08:02:03.000000,269.5964874472935
2018-01-29 00:02:02.000002,270.6178103007963
2018-01-30 16:02:01.999999,269.85045351879216
2018-02-01 08:02:01.000001,269.6899069557752
2018-02-03 00:02:02.999997,270.0279571108564
2018-02-04 16:02:01.999999,270.172881978117
2018-02-05 15:07:15.000004,
2018-02-07 07:19:55.000003,269.6897796980054
2018-02-09 16:02:03.000003,
2018-02-11 08:02:01.000001,
2018-02-13 00:02:02.000002,269.482996629377
2018-02-13 23:18:16.000003,266.99904398985086
2018-02-16 08:02:12.000002,264.740496837307
2018-02-18 00:02:13.000003,
2018-02-19 16:02:03.000003,
2018-02-20 14:17:35.000004,
2018-02-22 06:17:14.999999,
2018-02-24 16:02:01.999999,270.0850394420215
2018-02-26 08:02:01.999995,
2018-02-28 00:02:11.999998,
2018-03-01 16:02:01.999999,268.10495314576383
2018-03-03 08:02:01.999995,269.5063555231893
2018-03-05 00:02:02.999997,268.2785162989816
2018-03-05 22:59:16.000001,269.59083838055295
2018-03-08 08:02:01.000001,268.44934842529443
2018-03-10 00:02:02.000002,267.17637588110307
2018-03-11 16:02:01.999999,
2018-03-13 08:02:01.999995,
2018-03-15 00:02:02.000002,267.08784110751515
2018-03-16 16:02:01.999999,266.45759337446225
2018-03-18 08:02:01.999995,
2018-03-20 00:02:02.000002,
2018-03-21 16:02:03.000003,267.26968180992935
2018-03-23 08:02:01.999995,268.02799051975273
2018-03-25 00:02:02.999997,
2018-03-26 16:02:01.999999,271.07057140894074
2018-03-28 08:02:03.000000,270.9310007605579
2018-03-30 00:02:02.000002,269.22670829121444
2018-03-31 16:02:12.000005,270.28408850103295
2018-04-02 08:02:01.999995,266.91399958051613
2018-04-04 00:02:02.000002,268.63070525929686
2018-04-05 16:02:01.999999,269.7779076512626
2018-04-07 08:02:01.999995,269.3335424493927
2018-04-09 00:02:02.999997,266.14168354361095
2018-04-10 16:02:03.000003,266.5424631677415
2018-04-12 08:02:01.999995,265.6401720456008
2018-04-14 00:02:02.999997,265.8980773020181
2018-04-15 16:02:01.999999,266.26253777305067
2018-04-17 08:02:01.999995,268.4818648707946
2018-04-19 00:02:02.000002,269.7718550285603
2018-04-20 16:02:03.000003,270.5992179908043
2018-04-22 08:02:01.999995,267.94086061541566
2018-04-24 00:02:02.000002,270.78771969576457
2018-04-25 16:02:18.999997,266.13217492935655
2018-04-27 08:02:01.999995,268.2141401432338
2018-04-29 00:02:02.999997,267.60772629870416
2018-04-30 16:02:03.000003,264.96259112999377
2018-05-02 08:02:03.000000,269.0323739608839
2018-05-04 00:02:02.999997,265.1699262681783
2018-05-05 16:02:14.000004,264.8797506066203
2018-05-07 08:02:03.000000,265.25472218385454
2018-05-09 00:02:04.000001,265.4286444089805
2018-05-10 16:02:01.999999,268.3368033053202
2018-05-12 08:02:04.000005,268.71698231503143
2018-05-14 00:02:02.999997,268.66879945464086
2018-05-15 16:02:03.000003,267.56534434191656
2018-05-17 08:02:03.000000,267.17839838258556
2018-05-19 00:02:02.999997,264.7927574951833
2018-05-20 16:02:03.999998,265.77658812894174
2018-05-22 08:02:03.000000,
2018-05-24 00:02:02.999997,
2018-05-25 16:02:03.999998,269.92111352574585
2018-05-27 08:02:04.000005,269.3792657827694
2018-05-29 00:02:04.000001,264.9394494830796
2018-06-01 08:02:01.999995,268.70886593557805
2018-06-03 00:02:04.000001,266.218801486881
2018-06-04 16:02:03.000003,268.03343638511564
2018-06-06 08:02:03.000000,268.34428249646555
2018-06-08 00:02:04.999996,271.2338207000777
2018-06-09 16:02:03.000003,271.348232535931
2018-06-11 08:02:04.000005,270.55609617126026
2018-06-13 00:02:04.000001,269.6055624850695
2018-06-11 16:02:14.000004,275.295223035512
2018-06-13 08:02:12.999996,275.5773115197437
2018-06-15 00:02:13.999997,275.0637167258958
2018-06-16 16:02:14.000004,277.04172858408583
2018-06-18 08:02:03.000000,278.6757397131282
2018-06-20 00:02:04.000001,276.4498976745345
2018-06-21 16:02:14.000004,276.00568552567114
2018-06-23 08:02:04.000005,275.7129945614332
2018-06-25 00:02:15.000002,274.48691105690546
2018-06-26 16:02:22.999995,276.1331093286441
2018-06-28 08:02:04.000005,
2018-06-30 00:02:04.999996,274.0486360171162
2018-07-01 16:02:12.999999,271.8181662726594
2018-07-03 08:02:12.999996,273.1277303630492
2018-07-05 00:02:04.000001,272.83574372043154
2018-07-06 16:02:14.000004,274.3303094163401
2018-07-08 08:02:12.999996,273.2655227946469
2018-07-10 00:02:02.999997,274.49801520734866
2018-07-11 16:02:03.999998,275.19222322682197
2018-07-13 08:02:12.999996,274.3229941790569
2018-07-15 00:02:04.000001,275.7281702940953
2018-07-16 16:02:14.000004,275.7116190447214
2018-07-18 08:02:14.000001,275.4720853184839
2018-07-20 00:02:02.999997,275.4115597337376
2018-07-21 16:02:03.999998,276.1781298574393
2018-07-22 14:29:27.999999,271.13478806897564
2018-07-25 00:02:13.999997,271.40489618676804
2018-07-26 16:02:14.000004,276.48054330108727
2018-07-28 08:02:04.000005,275.42142442775435
2018-07-30 00:02:04.000001,272.18101620798234
2018-07-31 16:02:14.000004,270.86709709492186
2018-08-02 08:02:12.999996,272.9551142016123
2018-08-04 00:02:04.000001,273.19489936651536
2018-08-05 16:02:14.000004,272.4363103887357
2018-08-07 08:02:14.999995,273.50438303091784
2018-08-09 00:02:13.999997,273.1473929738091
2018-08-10 16:02:03.000003,271.1256041894709
2018-08-12 08:02:14.000001,275.371379696831
2018-08-14 00:02:13.999997,275.63961973728146
2018-08-15 16:02:03.999998,274.5916798184028
2018-08-17 08:02:14.000001,274.6938059354106
2018-08-19 00:02:04.000001,272.22363122988787
2018-08-20 16:02:03.000003,274.86160732048586
2018-08-22 08:02:03.000000,277.0586550500964
2018-08-24 00:02:13.999997,273.4167465086988
2018-08-25 16:02:14.000004,273.8016351012847
2018-08-27 08:02:03.000000,
2018-08-29 00:02:04.000001,
2018-08-30 16:02:03.999998,270.13269055092786
2018-09-01 08:02:14.000001,270.8035296220932
2018-09-03 00:02:13.999997,271.8002846806612
2018-09-04 16:02:12.999999,271.2419760167057
2018-09-06 08:02:04.999999,272.53902640196657
2018-09-08 00:02:13.999997,275.9954992653752
2018-09-09 16:02:03.999998,274.9829834874191
2018-09-11 08:02:04.000005,271.9841216050405
2018-09-13 00:02:04.000001,272.5363930161691
2018-09-14 16:02:03.999998,272.50005964343904
2018-09-16 08:02:12.999996,274.7702452974981
2018-09-18 00:02:02.999997,275.0401194592358
2018-09-19 16:02:12.999999,274.8356343781895
2018-09-21 08:02:14.000001,275.7340919194447
2018-09-23 00:02:02.999997,
2018-09-24 16:02:03.999998,
2018-09-26 08:02:14.000001,274.1618032820927
2018-09-28 00:02:04.999996,272.20077181851565
2018-09-29 16:02:12.999999,275.2223431396576
2018-10-01 08:02:14.000001,274.5093721139642
2018-10-03 00:02:02.999997,271.54896795461536
2018-10-04 16:02:05.000003,
2018-10-06 08:02:03.000000,269.7536523454088
2018-10-07 06:30:26.000003,271.21039164796684
2018-10-09 16:02:14.999999,273.18006765680957
2018-10-11 08:02:04.000005,274.33280992192186
2018-10-13 00:02:04.000001,274.31161124563425
2018-10-14 16:02:12.999999,271.54701089239757
2018-10-16 08:02:12.999996,271.04195516955315
2018-10-18 00:02:02.999997,274.1832028096318
2018-10-19 16:02:12.999999,270.0465583059138
2018-10-21 08:02:03.000000,271.469890506972
2018-10-23 00:02:13.000003,271.09081795042005
2018-10-24 16:02:03.999998,271.8732071219572
2018-10-26 08:02:03.000000,272.65261087419753
2018-10-28 00:02:04.000001,270.3015149897146
2018-10-29 16:02:12.999999,270.1039118264042
2018-10-31 08:02:04.000005,270.01754806138206
2018-11-02 00:02:04.000001,272.4896154502343
2018-11-03 16:02:03.999998,272.01121905882223
2018-11-05 08:02:14.000001,
2018-11-07 00:02:02.999997,272.0777930741698
2018-11-08 16:02:03.000003,270.65920570454034
2018-11-10 08:02:04.000005,271.61114368184525
2018-11-12 00:02:04.000001,273.68377118914725
2018-11-13 16:02:05.000003,273.6612705703788
2018-11-15 08:02:03.000000,271.70548115085563
2018-11-17 00:02:02.999997,273.72303128479416
2018-11-18 16:02:03.999998,
2018-11-20 08:02:04.000005,
2018-11-21 06:33:17.000001,270.2051720333135
2018-11-23 16:02:12.999999,269.05889785647264
2018-11-25 08:02:03.000000,269.8044988102988
2018-11-27 00:02:13.999997,269.8167213516648
2018-11-28 16:02:03.999998,272.5029444778862
2018-11-30 08:02:03.000000,273.21034789002186
2018-12-02 00:02:04.000001,273.48193065277974
2018-12-03 16:02:03.999998,272.9078926422935
2018-12-05 08:02:03.000000,272.3129273573786
2018-12-07 00:02:13.999997,271.5422819337949
2018-12-08 16:02:03.000003,271.0987370747134
2018-12-10 08:02:03.000000,268.9781132218857
2018-12-12 00:02:02.999997,271.56344651837605
2018-12-13 16:02:03.999998,270.4156047089005
2018-12-15 08:02:04.000005,274.12194770328796
2018-12-17 00:02:02.999997,269.9484851155379
2018-12-18 16:02:03.999998,274.77404234703886
2018-12-20 08:02:04.999999,274.27311129587633
2018-12-22 00:02:13.999997,274.04936937183106
2018-12-23 16:02:03.999998,269.738137397085
2018-12-25 08:02:14.000001,270.6004474391707
2018-12-27 00:02:04.000001,272.2578036313996
2018-12-28 16:02:12.999999,274.13090010615974
2018-12-30 08:02:14.000001,271.6889840573992
2019-01-01 00:02:04.000001,272.2383474594505
2019-01-02 16:02:12.999999,273.3196381422924
2019-01-04 08:02:03.000000,273.36853325597303
2019-01-06 00:02:13.999997,273.6108621185949
2019-01-07 16:02:03.000003,271.34622068504484
2019-01-09 08:02:03.000000,271.92363935654373
2019-01-11 00:02:22.999999,272.11221706394446
2019-01-12 16:02:03.999998,271.45760573576865
2019-01-14 08:02:03.000000,272.0696591844259
2019-01-16 00:02:13.999997,272.9172610388492
2019-01-17 16:02:03.000003,272.8739948599339
2019-01-19 08:02:04.000005,272.7568102460598
2019-01-21 00:02:04.000001,273.1635428520145
2019-01-22 16:02:03.999998,272.82870942593024
2019-01-24 08:02:04.000005,271.6070620528576
2019-01-26 00:02:04.000001,272.16367818266974
2019-01-27 16:02:03.999998,270.072165716569
2019-01-29 08:02:03.000000,269.27582463498425
2019-01-31 00:02:04.999996,270.98757729548754
2019-02-01 16:02:03.000003,272.6399431511336
2019-02-03 08:02:03.000000,268.78979253208445
2019-02-05 00:02:04.000001,271.1300055523956
2019-02-06 16:02:05.000003,270.8672086047629
2019-02-08 08:02:04.999999,269.54345509723674
2019-02-10 00:02:04.000001,268.86140497858446
2019-02-11 16:02:05.000003,268.0658338343602
2019-02-13 08:02:04.999999,270.22482331047524
2019-02-15 00:02:04.999996,273.4113410360098
2019-02-16 16:02:03.000003,271.96186733142804
2019-02-18 08:02:04.000005,272.23178454529045
2019-02-20 00:02:04.999996,271.12522156702425
2019-02-21 16:02:03.999998,269.48049117779647
2019-02-23 08:02:14.000001,
2019-02-25 00:02:04.999996,268.8704872607015
2019-02-26 16:02:03.999998,270.5668540132086
2019-02-28 08:02:04.000005,273.1175819666539
2019-03-02 00:02:04.999996,273.5316464980051
2019-03-03 16:02:03.000003,272.7925546733716
2019-03-05 08:02:03.000000,271.0819233534279
2019-03-07 00:02:02.999997,270.733330757619
2019-03-07 22:33:46.000001,272.07848717017396
2019-03-10 08:02:14.999995,274.1438247342043
2019-03-12 00:02:04.000001,268.360248249243
2019-03-13 16:02:05.000003,267.70064998026373
2019-03-15 08:02:04.000005,269.3280744492097
2019-03-17 00:02:02.999997,270.47593595343847
2019-03-18 16:02:05.000003,270.8836046193894
2019-03-20 08:02:04.999999,268.0078300635736
2019-03-22 00:02:02.999997,268.4500052918861
2019-03-23 16:02:05.000003,270.35487818819905
2019-03-25 08:02:04.000005,270.92304980881613
2019-03-27 00:02:04.999996,269.7361033084718
2019-03-28 16:02:03.999998,269.04027295161603
2019-03-30 08:02:12.999996,268.98005741181527
2019-04-01 00:02:13.000003,268.7098866704563
2019-04-02 16:02:03.999998,270.79493831219156
2019-04-04 08:02:04.999999,268.18971226764796
2019-04-06 00:02:04.000001,272.9704661957164
2019-04-07 16:02:12.999999,275.15546920145346
2019-04-09 08:02:04.999999,272.26579548863185
2019-04-11 00:02:04.999996,267.9159345920017
2019-04-12 16:02:03.000003,267.7857826627967
2019-04-14 08:02:04.000005,268.13868575388557
2019-04-16 00:02:15.000002,271.8341905982327
2019-04-17 16:02:03.000003,274.17258208510464
2019-04-19 08:02:03.000000,270.3327062630499
2019-04-21 00:02:04.999996,269.9095323243554
2019-04-22 16:02:16.000003,271.291843620422
2019-04-26 00:02:06.000001,272.80426435583706
2019-04-27 16:02:03.000003,267.82175726780395
2019-04-29 08:02:04.000005,271.5672718837209
2019-05-01 00:02:13.999997,271.67688733547743
2019-05-02 16:02:03.999998,270.2258637278213
2019-05-04 08:02:14.999995,267.46064734298363
2019-05-06 00:02:15.000002,267.3776459054427
2019-05-07 16:02:05.999997,268.778615456102
2019-05-09 08:02:04.999999,271.85284461988203
2019-05-11 00:02:15.999997,276.177798281588
2019-05-12 16:02:05.000003,274.7946887547413
2019-05-14 08:02:04.000005,273.0181941670439
2019-05-16 00:02:24.000003,274.75831661939094
2019-05-17 16:02:05.999997,271.74561074444927
2019-05-19 08:02:14.000001,274.9381466781347
2019-05-21 00:02:04.999996,271.199536193026
2019-05-22 16:02:05.000003,269.5978054933753
2019-05-24 08:02:14.999995,273.37330229344724
2019-05-26 00:02:17.999996,271.71900425055696
2019-05-27 16:02:16.000003,271.8363147685611
2019-05-29 08:02:14.999995,271.64301957462993
2019-05-31 00:02:13.999997,270.7431930340223
2019-06-01 16:02:16.000003,272.44338900062473
2019-06-03 08:02:06.999998,273.50319952391686
2019-06-05 00:02:08.000000,273.74027313713873
2019-06-06 16:02:16.999998,273.20186567589946
2019-06-08 08:02:08.000003,273.4782154214581
2019-06-10 00:02:08.000000,272.4344339165375
2019-06-11 16:02:05.000003,270.3904167086429
2019-06-13 08:02:19.999998,267.3890928972454
2019-06-15 00:02:19.000000,268.8930598300303
2019-06-16 16:02:18.000003,
2019-06-18 08:02:08.999998,
2019-06-20 00:02:09.000004,268.6708434410719
2019-06-21 16:02:18.000003,269.45968294556684
2019-06-23 08:02:19.000004,
2019-06-24 06:23:31.000001,
2019-06-26 16:02:05.999997,
2019-06-28 08:02:17.999999,272.8991253515292
2019-08-07 00:02:02.999997,277.9368249008417
2019-08-08 16:02:03.000003,277.01212878894444
2019-08-10 08:02:01.999995,275.8989381943046
2019-08-12 00:02:02.000002,280.5173152815878
2019-08-13 16:02:01.999999,278.9689922763961
2019-08-15 08:02:01.999995,277.1191228574005
2019-08-17 00:02:02.000002,278.20090969295455
2019-08-18 16:02:03.000003,276.2749405169675
2019-08-20 08:02:01.999995,277.86105712263253
2019-08-21 06:42:20.999997,
2019-08-23 16:02:12.000005,279.452776020338
2019-08-25 08:02:03.000000,276.9370147647339
2019-08-27 00:02:04.000001,278.1603652054895
2019-08-28 16:02:03.000003,278.50348477523124
2019-08-30 08:02:04.000005,276.47454760543155
2019-09-01 00:02:04.000001,275.53347219584714
2019-09-02 16:02:03.000003,277.07401377702547
2019-09-04 08:02:01.999995,276.2863291558718
2019-09-06 00:02:02.999997,274.94985221349737
2019-09-07 16:02:01.999999,273.7269135594652
2019-09-09 08:02:03.000000,273.51533966582
2019-09-11 00:02:13.000003,275.1739815470909
2019-09-12 16:02:03.000003,276.8442604438238
2019-09-14 08:02:01.999995,277.1949229396172
2019-09-16 00:02:02.999997,276.8548394200917
2019-09-16 22:52:05.000005,
2019-09-19 08:02:01.999995,273.86640825340737
2019-09-21 00:02:02.000002,272.90222546954305
2019-09-22 16:02:01.999999,
2019-09-24 08:02:01.999995,279.0548548354293
2019-09-25 06:59:55.999998,276.29918892625346
2019-09-29 08:02:03.000000,275.1699748632511
2019-10-01 00:02:02.000002,275.23758010959625
2019-10-02 16:02:03.000003,275.53970541760384
2019-10-04 08:02:03.000000,274.85407638434503
2019-10-06 00:02:02.999997,276.3326392795601
2019-10-07 16:02:03.000003,273.95031758030234
2019-10-09 08:02:03.000000,275.9984620161508
2019-10-11 00:02:13.000003,275.920606093423
2019-10-12 16:02:03.000003,275.70414429487846
2019-10-14 08:02:03.000000,275.7654984077042
2019-10-16 00:02:02.000002,275.88335880665363
2019-10-17 16:02:01.999999,272.8489861942054
2019-10-19 08:02:03.000000,272.6838276809043
2019-10-21 00:02:02.999997,273.0653233195078
2019-10-22 16:02:12.000005,273.2749563640664
2019-10-26 00:02:02.999997,
2019-10-27 16:02:03.000003,276.70858370555106
2019-10-29 08:02:03.000000,274.04712163290253
2019-11-01 16:02:03.000003,277.13675818065286
2019-11-03 08:02:03.000000,
2019-11-05 00:02:02.999997,277.4383248369153
2019-11-06 16:02:03.000003,277.2261078653035
2019-11-08 08:02:03.000000,277.19753638866587
2019-11-10 00:02:02.000002,277.4900504107286
2019-11-11 16:02:01.999999,277.204064872103
2019-11-16 16:02:03.000003,273.25037792178165
2019-11-18 08:02:03.000000,274.7371589033702
2019-11-20 00:02:02.999997,274.463319148472
2019-11-21 16:02:03.000003,273.67158702789743
2019-11-23 08:02:03.000000,272.7149613440354
2019-11-25 00:02:02.999997,273.6096674818468
2019-11-26 16:02:01.999999,274.3087345401741
2019-11-28 08:02:03.000000,273.84550420547475
2019-11-30 00:02:02.999997,274.71235008233214
2019-12-01 16:02:01.999999,273.0047344935008
2019-12-03 08:02:03.000000,274.3055111616263
2019-12-05 00:02:02.000002,273.9823622883483
2019-12-06 16:02:03.000003,274.4362316474719
2019-12-08 08:02:03.000000,274.54198916097437
2019-12-10 00:02:02.999997,275.0089474650972
2019-12-11 16:02:03.000003,275.6764553270939
2019-12-13 08:02:03.000000,272.40135905204374
2019-12-15 00:02:02.999997,273.2650693763563
2019-12-16 16:02:01.999999,273.40047870213823
2019-12-18 08:02:01.999995,275.04473649175895
2019-12-20 00:02:02.999997,274.5049048875746
2019-12-21 16:02:03.000003,272.64252994272374
2019-12-23 08:02:01.999995,274.69552569785895
2019-12-25 00:02:02.000002,273.5096705887995
2019-12-26 16:02:03.000003,273.95080616099557
2019-12-28 08:02:01.999995,273.0829264974848
2019-12-30 00:02:02.000002,273.2417348144594
2019-12-31 16:02:01.999999,274.85007663663134
2020-01-02 01:33:48.999995,275.24918313005037
2020-01-03 17:33:49.999996,274.24841151799467
2020-01-05 09:33:50.000003,272.6237447643796
2020-01-07 01:33:51.000004,272.87724827951854
2020-01-08 17:33:49.999996,271.490926193173
2020-01-10 09:33:50.000003,274.37007085750025
2020-01-12 01:33:50.000000,271.92945321917347
2020-01-13 17:33:51.000001,273.8970131605363
2020-01-15 09:33:50.000003,
2020-01-17 01:33:50.000000,272.9615700628268
2020-01-18 17:33:49.999996,273.7168823029218
2020-01-20 09:33:48.999998,272.68917991155195
2020-01-22 01:33:50.000000,273.9039754849349
2020-01-23 17:33:49.999996,273.8981031028796
2020-01-25 09:33:50.000003,
2020-01-26 08:51:13.000002,
2020-01-30 09:33:48.999998,272.02831618769756
2020-02-01 01:33:48.999995,274.18547474725204
2020-02-02 17:33:49.000002,272.35335324992144
2020-02-04 09:33:50.000003,272.21565217584845
2020-02-06 01:33:50.000000,272.90532601828085
2020-02-07 17:33:49.999996,272.767294673308
2020-02-09 09:33:50.000003,272.5829849679457
2020-02-11 01:33:50.000000,273.5678722472934
2020-02-12 17:34:00.000002,272.64228644382206
2020-02-14 09:33:50.000003,273.8295438507597
2020-02-16 01:33:48.000000,274.908441663021
2020-02-17 17:33:49.000002,273.74773032114115
2020-02-19 09:33:50.000003,275.2558852067971
2020-02-21 01:33:48.999995,274.4659113978617
2020-02-22 17:33:49.000002,273.7050683054873
2020-02-24 09:33:48.999998,272.17420262156156
2020-02-26 01:33:48.999995,272.6777988628693
2020-02-27 17:33:49.999996,272.8525058552234
2020-02-29 09:33:50.000003,271.9905119320906
2020-03-02 01:33:50.000000,272.1938142590941
2020-03-03 17:33:49.000002,274.7143562960031
2020-03-05 09:33:48.999998,274.2524306468126
2020-03-07 01:33:50.000000,274.74113988399915
2020-03-08 00:21:49.999996,272.71949982177443
2020-03-10 09:33:48.999998,273.78927663034324
2020-03-12 01:33:48.000000,272.3538342597378
2020-03-13 17:33:49.000002,272.2785407914332
2020-03-15 09:33:48.999998,273.0575728235711
2020-03-17 01:33:48.999995,271.74527924686464
2020-03-18 17:33:49.000002,273.3475347832051
2020-03-19 16:56:18.999995,
2020-03-22 01:33:48.999995,275.505168305678
2020-03-25 09:33:48.000004,273.0484139235368
2020-03-26 09:28:31.000003,273.41140218936573
2020-04-01 01:33:48.999995,
2020-04-02 01:11:10.999998,270.5634426052498
2020-04-04 09:33:48.000004,269.83668330421665
2020-04-06 01:33:48.999995,269.71533951988977
2020-04-07 17:33:47.999997,270.93880127306034
2020-04-09 09:33:46.999999,272.89327596304247
2020-04-11 01:33:48.000000,273.5564354458553
2020-04-12 17:33:47.999997,272.52908510736677
2020-04-14 09:33:48.000004,270.1720798744516
2020-04-16 01:33:48.000000,270.4122669021343
2020-04-17 17:33:47.999997,270.15718924871123
2020-04-19 09:33:48.000004,269.4935668402418
2020-04-21 01:33:48.000000,270.4581492362454
2020-04-22 17:33:49.000002,274.09761685068884
2020-04-24 09:33:48.000004,270.21878964659413
2020-04-26 01:33:46.999996,269.76166521316196
2020-04-27 17:33:49.999996,272.04218979736936
2020-04-29 09:33:48.000004,271.45292164292175
2020-05-01 01:33:46.000001,274.30039882464735
2020-05-02 17:33:47.000003,270.7463144502712
2020-05-04 09:33:46.999999,271.95099306194874
2020-05-06 01:33:46.999996,271.99374269508985
2020-05-07 17:33:47.000003,270.1318942354825
